{"world": [[{"id": 0, "objectData": {}}, {"id": 0, "objectData": {}}, {"id": 0, "objectData": {}}, {"id": 0, "objectData": {}}, {"id": 0, "objectData": {}}, {"id": 0, "objectData": {}}, {"id": 0, "objectData": {}}, {"id": 0, "objectData": {}}, {"id": 0, "objectData": {}}, {"id": 0, "objectData": {}}, {"id": 0, "objectData": {}}, {"id": 0, "objectData": {}}, {"id": 0, "objectData": {}}, {"id": 0, "objectData": {}}, {"id": 0, "objectData": {}}, {"id": 0, "objectData": {}}, {"id": 0, "objectData": {}}, {"id": 0, "objectData": {}}, {"id": 0, "objectData": {}}, {"id": 0, "objectData": {}}, {"id": 0, "objectData": {}}, {"id": 0, "objectData": {}}, {"id": 0, "objectData": {}}, {"id": 0, "objectData": {}}, {"id": 0, "objectData": {}}], [{"id": 0, "objectData": {}}, {"id": 0, "objectData": {}}, {"id": 0, "objectData": {}}, {"id": 0, "objectData": {}}, {"id": 0, "objectData": {}}, {"id": 0, "objectData": {}}, {"id": 0, "objectData": {}}, {"id": 0, "objectData": {}}, {"id": 0, "objectData": {}}, {"id": 0, "objectData": {}}, {"id": 0, "objectData": {}}, {"id": 0, "objectData": {}}, {"id": 0, "objectData": {}}, {"id": 0, "objectData": {}}, {"id": 0, "objectData": {}}, {"id": 0, "objectData": {}}, {"id": 0, "objectData": {}}, {"id": 0, "objectData": {}}, {"id": 3, "objectData": {}}, {"id": -1, "objectData": {}}, {"id": -1, "objectData": {}}, {"id": -1, "objectData": {}}, {"id": -1, "objectData": {}}, {"id": 2, "objectData": {}}, {"id": 0, "objectData": {}}], [{"id": 0, "objectData": {}}, {"id": 0, "objectData": {}}, {"id": 0, "objectData": {}}, {"id": 0, "objectData": {}}, {"id": 0, "objectData": {}}, {"id": 0, "objectData": {}}, {"id": 0, "objectData": {}}, {"id": 0, "objectData": {}}, {"id": 0, "objectData": {}}, {"id": 0, "objectData": {}}, {"id": 0, "objectData": {}}, {"id": 0, "objectData": {}}, {"id": 0, "objectData": {}}, {"id": 0, "objectData": {}}, {"id": 0, "objectData": {}}, {"id": 0, "objectData": {}}, {"id": 0, "objectData": {}}, {"id": 0, "objectData": {}}, {"id": 3, "objectData": {}}, {"id": 3, "objectData": {}}, {"id": 0, "objectData": {}}, {"id": -1, "objectData": {}}, {"id": -1, "objectData": {}}, {"id": -1, "objectData": {}}, {"id": 0, "objectData": {}}], [{"id": 0, "objectData": {}}, {"id": 0, "objectData": {}}, {"id": 0, "objectData": {}}, {"id": 0, "objectData": {}}, {"id": 0, "objectData": {}}, {"id": 0, "objectData": {}}, {"id": 0, "objectData": {}}, {"id": 0, "objectData": {}}, {"id": 0, "objectData": {}}, {"id": 0, "objectData": {}}, {"id": 0, "objectData": {}}, {"id": 0, "objectData": {}}, {"id": 0, "objectData": {}}, {"id": 0, "objectData": {}}, {"id": 0, "objectData": {}}, {"id": 0, "objectData": {}}, {"id": 0, "objectData": {}}, {"id": 0, "objectData": {}}, {"id": -1, "objectData": {}}, {"id": 3, "objectData": {}}, {"id": 3, "objectData": {}}, {"id": 3, "objectData": {}}, {"id": -1, "objectData": {}}, {"id": -1, "objectData": {}}, {"id": 0, "objectData": {}}], [{"id": 0, "objectData": {}}, {"id": 0, "objectData": {}}, {"id": 0, "objectData": {}}, {"id": 0, "objectData": {}}, {"id": 0, "objectData": {}}, {"id": 0, "objectData": {}}, {"id": 0, "objectData": {}}, {"id": 0, "objectData": {}}, {"id": 0, "objectData": {}}, {"id": 0, "objectData": {}}, {"id": 0, "objectData": {}}, {"id": 0, "objectData": {}}, {"id": 0, "objectData": {}}, {"id": 0, "objectData": {}}, {"id": 0, "objectData": {}}, {"id": 0, "objectData": {}}, {"id": 0, "objectData": {}}, {"id": 0, "objectData": {}}, {"id": -1, "objectData": {}}, {"id": 3, "objectData": {}}, {"id": -1, "objectData": {}}, {"id": 3, "objectData": {}}, {"id": 0, "objectData": {}}, {"id": -1, "objectData": {}}, {"id": 0, "objectData": {}}], [{"id": 0, "objectData": {}}, {"id": 0, "objectData": {}}, {"id": -1, "objectData": {}}, {"id": 3, "objectData": {}}, {"id": -1, "objectData": {}}, {"id": -1, "objectData": {}}, {"id": 3, "objectData": {}}, {"id": -1, "objectData": {}}, {"id": -1, "objectData": {}}, {"id": -1, "objectData": {}}, {"id": -1, "objectData": {}}, {"id": -1, "objectData": {}}, {"id": -1, "objectData": {}}, {"id": 3, "objectData": {}}, {"id": -1, "objectData": {}}, {"id": -1, "objectData": {}}, {"id": 3, "objectData": {}}, {"id": -1, "objectData": {}}, {"id": -1, "objectData": {}}, {"id": 0, "objectData": {}}, {"id": -1, "objectData": {}}, {"id": -1, "objectData": {}}, {"id": -1, "objectData": {}}, {"id": -1, "objectData": {}}, {"id": 0, "objectData": {}}], [{"id": 0, "objectData": {}}, {"id": 0, "objectData": {}}, {"id": -1, "objectData": {}}, {"id": -1, "objectData": {}}, {"id": 6, "objectData": {"health": 1, "extra1": 0, "extra2": 0, "id2": 1}}, {"id": -1, "objectData": {}}, {"id": -1, "objectData": {}}, {"id": 3, "objectData": {}}, {"id": 3, "objectData": {}}, {"id": -1, "objectData": {}}, {"id": -1, "objectData": {}}, {"id": 3, "objectData": {}}, {"id": -1, "objectData": {}}, {"id": -1, "objectData": {}}, {"id": 3, "objectData": {}}, {"id": -1, "objectData": {}}, {"id": -1, "objectData": {}}, {"id": -1, "objectData": {}}, {"id": -1, "objectData": {}}, {"id": -1, "objectData": {}}, {"id": -1, "objectData": {}}, {"id": 3, "objectData": {}}, {"id": 3, "objectData": {}}, {"id": 3, "objectData": {}}, {"id": 0, "objectData": {}}], [{"id": 0, "objectData": {}}, {"id": 0, "objectData": {}}, {"id": -1, "objectData": {}}, {"id": -1, "objectData": {}}, {"id": 0, "objectData": {}}, {"id": 0, "objectData": {}}, {"id": 0, "objectData": {}}, {"id": 0, "objectData": {}}, {"id": 0, "objectData": {}}, {"id": 0, "objectData": {}}, {"id": 0, "objectData": {}}, {"id": -1, "objectData": {}}, {"id": 3, "objectData": {}}, {"id": 0, "objectData": {}}, {"id": 0, "objectData": {}}, {"id": 0, "objectData": {}}, {"id": 0, "objectData": {}}, {"id": 0, "objectData": {}}, {"id": 3, "objectData": {}}, {"id": -1, "objectData": {}}, {"id": -1, "objectData": {}}, {"id": -1, "objectData": {}}, {"id": -1, "objectData": {}}, {"id": 3, "objectData": {}}, {"id": 0, "objectData": {}}], [{"id": 0, "objectData": {}}, {"id": 0, "objectData": {}}, {"id": 3, "objectData": {}}, {"id": -1, "objectData": {}}, {"id": 0, "objectData": {}}, {"id": 0, "objectData": {}}, {"id": 0, "objectData": {}}, {"id": 0, "objectData": {}}, {"id": 0, "objectData": {}}, {"id": 0, "objectData": {}}, {"id": 0, "objectData": {}}, {"id": -1, "objectData": {}}, {"id": -1, "objectData": {}}, {"id": 0, "objectData": {}}, {"id": 0, "objectData": {}}, {"id": 0, "objectData": {}}, {"id": 0, "objectData": {}}, {"id": 0, "objectData": {}}, {"id": 3, "objectData": {}}, {"id": -1, "objectData": {}}, {"id": 0, "objectData": {}}, {"id": -1, "objectData": {}}, {"id": -1, "objectData": {}}, {"id": -1, "objectData": {}}, {"id": 0, "objectData": {}}], [{"id": 0, "objectData": {}}, {"id": 0, "objectData": {}}, {"id": 3, "objectData": {}}, {"id": 3, "objectData": {}}, {"id": 0, "objectData": {}}, {"id": 0, "objectData": {}}, {"id": 0, "objectData": {}}, {"id": 0, "objectData": {}}, {"id": 0, "objectData": {}}, {"id": 0, "objectData": {}}, {"id": 0, "objectData": {}}, {"id": -1, "objectData": {}}, {"id": -1, "objectData": {}}, {"id": 0, "objectData": {}}, {"id": 0, "objectData": {}}, {"id": 0, "objectData": {}}, {"id": 0, "objectData": {}}, {"id": 0, "objectData": {}}, {"id": 3, "objectData": {}}, {"id": -1, "objectData": {}}, {"id": -1, "objectData": {}}, {"id": -1, "objectData": {}}, {"id": 0, "objectData": {}}, {"id": 3, "objectData": {}}, {"id": 0, "objectData": {}}], [{"id": 0, "objectData": {}}, {"id": 0, "objectData": {}}, {"id": -1, "objectData": {}}, {"id": -1, "objectData": {}}, {"id": 3, "objectData": {}}, {"id": -1, "objectData": {}}, {"id": 3, "objectData": {}}, {"id": 3, "objectData": {}}, {"id": -1, "objectData": {}}, {"id": -1, "objectData": {}}, {"id": -1, "objectData": {}}, {"id": -1, "objectData": {}}, {"id": 6, "objectData": {"health": 1, "extra1": 0, "extra2": 0, "id2": 1}}, {"id": 0, "objectData": {}}, {"id": 0, "objectData": {}}, {"id": 0, "objectData": {}}, {"id": 0, "objectData": {}}, {"id": 0, "objectData": {}}, {"id": 3, "objectData": {}}, {"id": 3, "objectData": {}}, {"id": 3, "objectData": {}}, {"id": 3, "objectData": {}}, {"id": -1, "objectData": {}}, {"id": -1, "objectData": {}}, {"id": 0, "objectData": {}}], [{"id": 0, "objectData": {}}, {"id": 0, "objectData": {}}, {"id": -1, "objectData": {}}, {"id": -1, "objectData": {}}, {"id": 0, "objectData": {}}, {"id": 0, "objectData": {}}, {"id": 0, "objectData": {}}, {"id": 0, "objectData": {}}, {"id": 0, "objectData": {}}, {"id": 0, "objectData": {}}, {"id": 0, "objectData": {}}, {"id": -1, "objectData": {}}, {"id": -1, "objectData": {}}, {"id": 0, "objectData": {}}, {"id": 0, "objectData": {}}, {"id": 0, "objectData": {}}, {"id": 0, "objectData": {}}, {"id": 0, "objectData": {}}, {"id": -1, "objectData": {}}, {"id": 0, "objectData": {}}, {"id": -1, "objectData": {}}, {"id": 3, "objectData": {}}, {"id": 3, "objectData": {}}, {"id": -1, "objectData": {}}, {"id": 0, "objectData": {}}], [{"id": 0, "objectData": {}}, {"id": 0, "objectData": {}}, {"id": -1, "objectData": {}}, {"id": -1, "objectData": {}}, {"id": 0, "objectData": {}}, {"id": 0, "objectData": {}}, {"id": 0, "objectData": {}}, {"id": 0, "objectData": {}}, {"id": 0, "objectData": {}}, {"id": 0, "objectData": {}}, {"id": 0, "objectData": {}}, {"id": -1, "objectData": {}}, {"id": 3, "objectData": {}}, {"id": 0, "objectData": {}}, {"id": 0, "objectData": {}}, {"id": 0, "objectData": {}}, {"id": 0, "objectData": {}}, {"id": 0, "objectData": {}}, {"id": 6, "objectData": {"health": 1, "extra1": 0, "extra2": 0, "id2": 1}}, {"id": -1, "objectData": {}}, {"id": -1, "objectData": {}}, {"id": 3, "objectData": {}}, {"id": -1, "objectData": {}}, {"id": -1, "objectData": {}}, {"id": 0, "objectData": {}}], [{"id": 0, "objectData": {}}, {"id": 0, "objectData": {}}, {"id": -1, "objectData": {}}, {"id": -1, "objectData": {}}, {"id": 0, "objectData": {}}, {"id": 0, "objectData": {}}, {"id": 0, "objectData": {}}, {"id": 0, "objectData": {}}, {"id": 0, "objectData": {}}, {"id": 0, "objectData": {}}, {"id": 0, "objectData": {}}, {"id": 3, "objectData": {}}, {"id": -1, "objectData": {}}, {"id": 0, "objectData": {}}, {"id": 0, "objectData": {}}, {"id": 0, "objectData": {}}, {"id": 0, "objectData": {}}, {"id": 0, "objectData": {}}, {"id": 0, "objectData": {}}, {"id": 0, "objectData": {}}, {"id": 0, "objectData": {}}, {"id": 0, "objectData": {}}, {"id": 0, "objectData": {}}, {"id": 0, "objectData": {}}, {"id": 0, "objectData": {}}], [{"id": 0, "objectData": {}}, {"id": 0, "objectData": {}}, {"id": 3, "objectData": {}}, {"id": -1, "objectData": {}}, {"id": 0, "objectData": {}}, {"id": 0, "objectData": {}}, {"id": 0, "objectData": {}}, {"id": 0, "objectData": {}}, {"id": 0, "objectData": {}}, {"id": 0, "objectData": {}}, {"id": 0, "objectData": {}}, {"id": 3, "objectData": {}}, {"id": -1, "objectData": {}}, {"id": 0, "objectData": {}}, {"id": 0, "objectData": {}}, {"id": 0, "objectData": {}}, {"id": 0, "objectData": {}}, {"id": 0, "objectData": {}}, {"id": 0, "objectData": {}}, {"id": 0, "objectData": {}}, {"id": 0, "objectData": {}}, {"id": 0, "objectData": {}}, {"id": 0, "objectData": {}}, {"id": 0, "objectData": {}}, {"id": 0, "objectData": {}}], [{"id": 0, "objectData": {}}, {"id": 0, "objectData": {}}, {"id": 3, "objectData": {}}, {"id": -1, "objectData": {}}, {"id": 0, "objectData": {}}, {"id": 0, "objectData": {}}, {"id": 0, "objectData": {}}, {"id": 0, "objectData": {}}, {"id": 0, "objectData": {}}, {"id": 0, "objectData": {}}, {"id": 0, "objectData": {}}, {"id": -1, "objectData": {}}, {"id": 3, "objectData": {}}, {"id": 0, "objectData": {}}, {"id": 0, "objectData": {}}, {"id": 0, "objectData": {}}, {"id": 0, "objectData": {}}, {"id": 0, "objectData": {}}, {"id": 0, "objectData": {}}, {"id": 0, "objectData": {}}, {"id": 0, "objectData": {}}, {"id": 0, "objectData": {}}, {"id": 0, "objectData": {}}, {"id": 0, "objectData": {}}, {"id": 0, "objectData": {}}], [{"id": 0, "objectData": {}}, {"id": 0, "objectData": {}}, {"id": -1, "objectData": {}}, {"id": 6, "objectData": {"health": 1, "extra1": 0, "extra2": 0, "id2": 1}}, {"id": -1, "objectData": {}}, {"id": -1, "objectData": {}}, {"id": -1, "objectData": {}}, {"id": -1, "objectData": {}}, {"id": -1, "objectData": {}}, {"id": -1, "objectData": {}}, {"id": -1, "objectData": {}}, {"id": -1, "objectData": {}}, {"id": -1, "objectData": {}}, {"id": 0, "objectData": {}}, {"id": 0, "objectData": {}}, {"id": 0, "objectData": {}}, {"id": 0, "objectData": {}}, {"id": 0, "objectData": {}}, {"id": 0, "objectData": {}}, {"id": 0, "objectData": {}}, {"id": 0, "objectData": {}}, {"id": 0, "objectData": {}}, {"id": 0, "objectData": {}}, {"id": 0, "objectData": {}}, {"id": 0, "objectData": {}}], [{"id": 0, "objectData": {}}, {"id": 0, "objectData": {}}, {"id": -1, "objectData": {}}, {"id": -1, "objectData": {}}, {"id": 0, "objectData": {}}, {"id": 0, "objectData": {}}, {"id": 0, "objectData": {}}, {"id": 0, "objectData": {}}, {"id": 0, "objectData": {}}, {"id": 0, "objectData": {}}, {"id": 0, "objectData": {}}, {"id": -1, "objectData": {}}, {"id": -1, "objectData": {}}, {"id": 0, "objectData": {}}, {"id": 0, "objectData": {}}, {"id": 0, "objectData": {}}, {"id": 0, "objectData": {}}, {"id": 0, "objectData": {}}, {"id": 0, "objectData": {}}, {"id": 0, "objectData": {}}, {"id": 0, "objectData": {}}, {"id": 0, "objectData": {}}, {"id": 0, "objectData": {}}, {"id": 0, "objectData": {}}, {"id": 0, "objectData": {}}], [{"id": 0, "objectData": {}}, {"id": 0, "objectData": {}}, {"id": -1, "objectData": {}}, {"id": -1, "objectData": {}}, {"id": 0, "objectData": {}}, {"id": 0, "objectData": {}}, {"id": 0, "objectData": {}}, {"id": 0, "objectData": {}}, {"id": 0, "objectData": {}}, {"id": 0, "objectData": {}}, {"id": 0, "objectData": {}}, {"id": -1, "objectData": {}}, {"id": 3, "objectData": {}}, {"id": 0, "objectData": {}}, {"id": 0, "objectData": {}}, {"id": 0, "objectData": {}}, {"id": 0, "objectData": {}}, {"id": 0, "objectData": {}}, {"id": 0, "objectData": {}}, {"id": 0, "objectData": {}}, {"id": 0, "objectData": {}}, {"id": 0, "objectData": {}}, {"id": 0, "objectData": {}}, {"id": 0, "objectData": {}}, {"id": 0, "objectData": {}}], [{"id": 0, "objectData": {}}, {"id": 0, "objectData": {}}, {"id": -1, "objectData": {}}, {"id": 3, "objectData": {}}, {"id": 0, "objectData": {}}, {"id": 0, "objectData": {}}, {"id": 0, "objectData": {}}, {"id": 0, "objectData": {}}, {"id": 0, "objectData": {}}, {"id": 0, "objectData": {}}, {"id": 0, "objectData": {}}, {"id": -1, "objectData": {}}, {"id": 3, "objectData": {}}, {"id": 0, "objectData": {}}, {"id": 0, "objectData": {}}, {"id": 0, "objectData": {}}, {"id": 0, "objectData": {}}, {"id": 0, "objectData": {}}, {"id": 0, "objectData": {}}, {"id": 0, "objectData": {}}, {"id": 0, "objectData": {}}, {"id": 0, "objectData": {}}, {"id": 0, "objectData": {}}, {"id": 0, "objectData": {}}, {"id": 0, "objectData": {}}], [{"id": 0, "objectData": {}}, {"id": 0, "objectData": {}}, {"id": -1, "objectData": {}}, {"id": -1, "objectData": {}}, {"id": 0, "objectData": {}}, {"id": 0, "objectData": {}}, {"id": 0, "objectData": {}}, {"id": 0, "objectData": {}}, {"id": 0, "objectData": {}}, {"id": 0, "objectData": {}}, {"id": 0, "objectData": {}}, {"id": -1, "objectData": {}}, {"id": -1, "objectData": {}}, {"id": 0, "objectData": {}}, {"id": 0, "objectData": {}}, {"id": 0, "objectData": {}}, {"id": 0, "objectData": {}}, {"id": 0, "objectData": {}}, {"id": 0, "objectData": {}}, {"id": 0, "objectData": {}}, {"id": 0, "objectData": {}}, {"id": 0, "objectData": {}}, {"id": 0, "objectData": {}}, {"id": 0, "objectData": {}}, {"id": 0, "objectData": {}}], [{"id": 0, "objectData": {}}, {"id": 0, "objectData": {}}, {"id": -1, "objectData": {}}, {"id": -1, "objectData": {}}, {"id": -1, "objectData": {}}, {"id": -1, "objectData": {}}, {"id": -1, "objectData": {}}, {"id": -1, "objectData": {}}, {"id": -1, "objectData": {}}, {"id": 3, "objectData": {}}, {"id": 3, "objectData": {}}, {"id": 6, "objectData": {"health": 1, "extra1": 0, "extra2": 0, "id2": 1}}, {"id": -1, "objectData": {}}, {"id": 0, "objectData": {}}, {"id": 0, "objectData": {}}, {"id": 0, "objectData": {}}, {"id": 0, "objectData": {}}, {"id": 0, "objectData": {}}, {"id": 0, "objectData": {}}, {"id": 0, "objectData": {}}, {"id": 0, "objectData": {}}, {"id": 0, "objectData": {}}, {"id": 0, "objectData": {}}, {"id": 0, "objectData": {}}, {"id": 0, "objectData": {}}], [{"id": 0, "objectData": {}}, {"id": 0, "objectData": {}}, {"id": 0, "objectData": {}}, {"id": 0, "objectData": {}}, {"id": 0, "objectData": {}}, {"id": 0, "objectData": {}}, {"id": 0, "objectData": {}}, {"id": 0, "objectData": {}}, {"id": 0, "objectData": {}}, {"id": 0, "objectData": {}}, {"id": 0, "objectData": {}}, {"id": 0, "objectData": {}}, {"id": 0, "objectData": {}}, {"id": 0, "objectData": {}}, {"id": 0, "objectData": {}}, {"id": 0, "objectData": {}}, {"id": 0, "objectData": {}}, {"id": 0, "objectData": {}}, {"id": 0, "objectData": {}}, {"id": 0, "objectData": {}}, {"id": 0, "objectData": {}}, {"id": 0, "objectData": {}}, {"id": 0, "objectData": {}}, {"id": 0, "objectData": {}}, {"id": 0, "objectData": {}}], [{"id": 0, "objectData": {}}, {"id": 0, "objectData": {}}, {"id": 0, "objectData": {}}, {"id": 0, "objectData": {}}, {"id": 0, "objectData": {}}, {"id": 0, "objectData": {}}, {"id": 0, "objectData": {}}, {"id": 0, "objectData": {}}, {"id": 0, "objectData": {}}, {"id": 0, "objectData": {}}, {"id": 0, "objectData": {}}, {"id": 0, "objectData": {}}, {"id": 0, "objectData": {}}, {"id": 0, "objectData": {}}, {"id": 0, "objectData": {}}, {"id": 0, "objectData": {}}, {"id": 0, "objectData": {}}, {"id": 0, "objectData": {}}, {"id": 0, "objectData": {}}, {"id": 0, "objectData": {}}, {"id": 0, "objectData": {}}, {"id": 0, "objectData": {}}, {"id": 0, "objectData": {}}, {"id": 0, "objectData": {}}, {"id": 0, "objectData": {}}], [{"id": 0, "objectData": {}}, {"id": 0, "objectData": {}}, {"id": 0, "objectData": {}}, {"id": 0, "objectData": {}}, {"id": 0, "objectData": {}}, {"id": 0, "objectData": {}}, {"id": 0, "objectData": {}}, {"id": 0, "objectData": {}}, {"id": 0, "objectData": {}}, {"id": 0, "objectData": {}}, {"id": 0, "objectData": {}}, {"id": 0, "objectData": {}}, {"id": 0, "objectData": {}}, {"id": 0, "objectData": {}}, {"id": 0, "objectData": {}}, {"id": 0, "objectData": {}}, {"id": 0, "objectData": {}}, {"id": 0, "objectData": {}}, {"id": 0, "objectData": {}}, {"id": 0, "objectData": {}}, {"id": 0, "objectData": {}}, {"id": 0, "objectData": {}}, {"id": 0, "objectData": {}}, {"id": 0, "objectData": {}}, {"id": 0, "objectData": {}}]], "scripts": [], "texts": ["Use W,A,S,D to move", "Use <space> to place a bomb", "Use Bombs to kill Enemys", "All Enemys Dead = Win!", "Explosion Hits You = Dead", "The most Collectables Help you", "+Bomb: More Bombs at the same time", "+Exp: Your Explosion gets longer", "SmokeGranade: Creates Smoke(useless)", "Place with <m>", "Ghost: Gives you a random Curse", "TimeBomb: Explodes when you want it to", "Place with <t>", "Detonate with<#>", "Heart: Let you live longer after hits", "Dynamite: Big Explosion Radius", "Place with <y> (Run!!!)", "But You can destroy them with Bombs", "Kill the last Enemy to Win the Tutorial"]}