{"world": [[{"id": 0, "objectData": {}}, {"id": 0, "objectData": {}}, {"id": 0, "objectData": {}}, {"id": 0, "objectData": {}}, {"id": 0, "objectData": {}}, {"id": 0, "objectData": {}}, {"id": 0, "objectData": {}}, {"id": 0, "objectData": {}}, {"id": 0, "objectData": {}}, {"id": 0, "objectData": {}}, {"id": 0, "objectData": {}}, {"id": 0, "objectData": {}}, {"id": 0, "objectData": {}}, {"id": 0, "objectData": {}}, {"id": 0, "objectData": {}}, {"id": 0, "objectData": {}}, {"id": 0, "objectData": {}}, {"id": 0, "objectData": {}}, {"id": 0, "objectData": {}}, {"id": 0, "objectData": {}}, {"id": 0, "objectData": {}}, {"id": 0, "objectData": {}}, {"id": 0, "objectData": {}}, {"id": 0, "objectData": {}}, {"id": 0, "objectData": {}}], [{"id": 0, "objectData": {}}, {"id": -1, "objectData": {}}, {"id": -1, "objectData": {}}, {"id": 0, "objectData": {}}, {"id": 0, "objectData": {}}, {"id": 0, "objectData": {}}, {"id": 0, "objectData": {}}, {"id": 0, "objectData": {}}, {"id": 0, "objectData": {}}, {"id": 0, "objectData": {}}, {"id": 0, "objectData": {}}, {"id": 0, "objectData": {}}, {"id": 0, "objectData": {}}, {"id": 0, "objectData": {}}, {"id": 0, "objectData": {}}, {"id": 0, "objectData": {}}, {"id": 0, "objectData": {}}, {"id": 0, "objectData": {}}, {"id": 0, "objectData": {}}, {"id": 0, "objectData": {}}, {"id": 0, "objectData": {}}, {"id": -1, "objectData": {}}, {"id": -1, "objectData": {}}, {"id": -1, "objectData": {}}, {"id": 0, "objectData": {}}], [{"id": 0, "objectData": {}}, {"id": -1, "objectData": {}}, {"id": -1, "objectData": {}}, {"id": 6, "objectData": {"health": 1, "extra1": 0, "extra2": 0, "id2": 1}}, {"id": -1, "objectData": {}}, {"id": -1, "objectData": {}}, {"id": 3, "objectData": {}}, {"id": -1, "objectData": {}}, {"id": 0, "objectData": {}}, {"id": 0, "objectData": {}}, {"id": 0, "objectData": {}}, {"id": 0, "objectData": {}}, {"id": 0, "objectData": {}}, {"id": 0, "objectData": {}}, {"id": 0, "objectData": {}}, {"id": 0, "objectData": {}}, {"id": 0, "objectData": {}}, {"id": 0, "objectData": {}}, {"id": 0, "objectData": {}}, {"id": 0, "objectData": {}}, {"id": 0, "objectData": {}}, {"id": -1, "objectData": {}}, {"id": 2, "objectData": {}}, {"id": -1, "objectData": {}}, {"id": 0, "objectData": {}}], [{"id": 0, "objectData": {}}, {"id": -1, "objectData": {}}, {"id": -1, "objectData": {}}, {"id": 0, "objectData": {}}, {"id": 0, "objectData": {}}, {"id": 0, "objectData": {}}, {"id": 0, "objectData": {}}, {"id": 0, "objectData": {}}, {"id": 0, "objectData": {}}, {"id": 0, "objectData": {}}, {"id": 0, "objectData": {}}, {"id": 0, "objectData": {}}, {"id": 0, "objectData": {}}, {"id": 0, "objectData": {}}, {"id": 0, "objectData": {}}, {"id": 0, "objectData": {}}, {"id": 0, "objectData": {}}, {"id": 0, "objectData": {}}, {"id": 0, "objectData": {}}, {"id": 0, "objectData": {}}, {"id": 0, "objectData": {}}, {"id": -1, "objectData": {}}, {"id": -1, "objectData": {}}, {"id": -1, "objectData": {}}, {"id": 0, "objectData": {}}], [{"id": 0, "objectData": {}}, {"id": 0, "objectData": {}}, {"id": 0, "objectData": {}}, {"id": 0, "objectData": {}}, {"id": 0, "objectData": {}}, {"id": 0, "objectData": {}}, {"id": 0, "objectData": {}}, {"id": 0, "objectData": {}}, {"id": 0, "objectData": {}}, {"id": 0, "objectData": {}}, {"id": 0, "objectData": {}}, {"id": 0, "objectData": {}}, {"id": 0, "objectData": {}}, {"id": 0, "objectData": {}}, {"id": 0, "objectData": {}}, {"id": 0, "objectData": {}}, {"id": 0, "objectData": {}}, {"id": 0, "objectData": {}}, {"id": 0, "objectData": {}}, {"id": 0, "objectData": {}}, {"id": 0, "objectData": {}}, {"id": 0, "objectData": {}}, {"id": 0, "objectData": {}}, {"id": -1, "objectData": {}}, {"id": 0, "objectData": {}}], [{"id": 0, "objectData": {}}, {"id": 0, "objectData": {}}, {"id": 0, "objectData": {}}, {"id": 0, "objectData": {}}, {"id": 0, "objectData": {}}, {"id": 0, "objectData": {}}, {"id": 0, "objectData": {}}, {"id": 0, "objectData": {}}, {"id": 0, "objectData": {}}, {"id": 0, "objectData": {}}, {"id": 0, "objectData": {}}, {"id": 0, "objectData": {}}, {"id": 0, "objectData": {}}, {"id": 0, "objectData": {}}, {"id": 0, "objectData": {}}, {"id": 0, "objectData": {}}, {"id": 0, "objectData": {}}, {"id": 0, "objectData": {}}, {"id": 0, "objectData": {}}, {"id": 0, "objectData": {}}, {"id": 0, "objectData": {}}, {"id": 0, "objectData": {}}, {"id": 0, "objectData": {}}, {"id": -1, "objectData": {}}, {"id": 0, "objectData": {}}], [{"id": 0, "objectData": {}}, {"id": 0, "objectData": {}}, {"id": 0, "objectData": {}}, {"id": 0, "objectData": {}}, {"id": 0, "objectData": {}}, {"id": 0, "objectData": {}}, {"id": 0, "objectData": {}}, {"id": 0, "objectData": {}}, {"id": 0, "objectData": {}}, {"id": 0, "objectData": {}}, {"id": 0, "objectData": {}}, {"id": 0, "objectData": {}}, {"id": 0, "objectData": {}}, {"id": 0, "objectData": {}}, {"id": 0, "objectData": {}}, {"id": 0, "objectData": {}}, {"id": 0, "objectData": {}}, {"id": 0, "objectData": {}}, {"id": 0, "objectData": {}}, {"id": 0, "objectData": {}}, {"id": 0, "objectData": {}}, {"id": 0, "objectData": {}}, {"id": 0, "objectData": {}}, {"id": 3, "objectData": {}}, {"id": 0, "objectData": {}}], [{"id": 0, "objectData": {}}, {"id": 0, "objectData": {}}, {"id": 0, "objectData": {}}, {"id": -1, "objectData": {}}, {"id": 0, "objectData": {}}, {"id": -1, "objectData": {}}, {"id": 0, "objectData": {}}, {"id": -1, "objectData": {}}, {"id": 0, "objectData": {}}, {"id": -1, "objectData": {}}, {"id": 0, "objectData": {}}, {"id": -1, "objectData": {}}, {"id": 0, "objectData": {}}, {"id": -1, "objectData": {}}, {"id": 0, "objectData": {}}, {"id": -1, "objectData": {}}, {"id": 0, "objectData": {}}, {"id": 0, "objectData": {}}, {"id": 0, "objectData": {}}, {"id": 0, "objectData": {}}, {"id": 0, "objectData": {}}, {"id": 0, "objectData": {}}, {"id": 0, "objectData": {}}, {"id": -1, "objectData": {}}, {"id": 0, "objectData": {}}], [{"id": 0, "objectData": {}}, {"id": 0, "objectData": {}}, {"id": 0, "objectData": {}}, {"id": -1, "objectData": {}}, {"id": 0, "objectData": {}}, {"id": 5, "objectData": {"start": 301, "fin": 310}}, {"id": 0, "objectData": {}}, {"id": -1, "objectData": {}}, {"id": 0, "objectData": {}}, {"id": -1, "objectData": {}}, {"id": 0, "objectData": {}}, {"id": -1, "objectData": {}}, {"id": 0, "objectData": {}}, {"id": 5, "objectData": {"start": 40, "fin": 50}}, {"id": 0, "objectData": {}}, {"id": -1, "objectData": {}}, {"id": 0, "objectData": {}}, {"id": 0, "objectData": {}}, {"id": 0, "objectData": {}}, {"id": 0, "objectData": {}}, {"id": 0, "objectData": {}}, {"id": 0, "objectData": {}}, {"id": 0, "objectData": {}}, {"id": 0, "objectData": {}}, {"id": 0, "objectData": {}}], [{"id": 0, "objectData": {}}, {"id": 0, "objectData": {}}, {"id": 0, "objectData": {}}, {"id": -1, "objectData": {}}, {"id": 0, "objectData": {}}, {"id": -1, "objectData": {}}, {"id": 0, "objectData": {}}, {"id": 5, "objectData": {"start": 960, "fin": 961}}, {"id": 0, "objectData": {}}, {"id": -1, "objectData": {}}, {"id": 0, "objectData": {}}, {"id": -1, "objectData": {}}, {"id": 0, "objectData": {}}, {"id": -1, "objectData": {}}, {"id": 0, "objectData": {}}, {"id": 5, "objectData": {"start": 10, "fin": 20}}, {"id": 3, "objectData": {}}, {"id": 3, "objectData": {}}, {"id": 3, "objectData": {}}, {"id": 3, "objectData": {}}, {"id": 3, "objectData": {}}, {"id": 3, "objectData": {}}, {"id": 0, "objectData": {}}, {"id": 0, "objectData": {}}, {"id": 0, "objectData": {}}], [{"id": 0, "objectData": {}}, {"id": 0, "objectData": {}}, {"id": 0, "objectData": {}}, {"id": -1, "objectData": {}}, {"id": 0, "objectData": {}}, {"id": -1, "objectData": {}}, {"id": 0, "objectData": {}}, {"id": -1, "objectData": {}}, {"id": 0, "objectData": {}}, {"id": -1, "objectData": {}}, {"id": 0, "objectData": {}}, {"id": 5, "objectData": {"start": 70, "fin": 80}}, {"id": 0, "objectData": {}}, {"id": -1, "objectData": {}}, {"id": 0, "objectData": {}}, {"id": -1, "objectData": {}}, {"id": 3, "objectData": {}}, {"id": 3, "objectData": {}}, {"id": 3, "objectData": {}}, {"id": 3, "objectData": {}}, {"id": 3, "objectData": {}}, {"id": 3, "objectData": {}}, {"id": 0, "objectData": {}}, {"id": 0, "objectData": {}}, {"id": 0, "objectData": {}}], [{"id": 0, "objectData": {}}, {"id": 0, "objectData": {}}, {"id": 0, "objectData": {}}, {"id": 5, "objectData": {"start": 560, "fin": 570}}, {"id": 0, "objectData": {}}, {"id": -1, "objectData": {}}, {"id": 0, "objectData": {}}, {"id": -1, "objectData": {}}, {"id": 0, "objectData": {}}, {"id": -1, "objectData": {}}, {"id": 0, "objectData": {}}, {"id": -1, "objectData": {}}, {"id": 0, "objectData": {}}, {"id": -1, "objectData": {}}, {"id": 0, "objectData": {}}, {"id": -1, "objectData": {}}, {"id": 3, "objectData": {}}, {"id": 3, "objectData": {}}, {"id": 3, "objectData": {}}, {"id": 3, "objectData": {}}, {"id": 3, "objectData": {}}, {"id": 3, "objectData": {}}, {"id": 0, "objectData": {}}, {"id": 0, "objectData": {}}, {"id": 0, "objectData": {}}], [{"id": 0, "objectData": {}}, {"id": 0, "objectData": {}}, {"id": 0, "objectData": {}}, {"id": 5, "objectData": {"start": 560, "fin": 570}}, {"id": 0, "objectData": {}}, {"id": -1, "objectData": {}}, {"id": 0, "objectData": {}}, {"id": -1, "objectData": {}}, {"id": 0, "objectData": {}}, {"id": -1, "objectData": {}}, {"id": 0, "objectData": {}}, {"id": -1, "objectData": {}}, {"id": 0, "objectData": {}}, {"id": 0, "objectData": {}}, {"id": 0, "objectData": {}}, {"id": -1, "objectData": {}}, {"id": -1, "objectData": {}}, {"id": -1, "objectData": {}}, {"id": -1, "objectData": {}}, {"id": -1, "objectData": {}}, {"id": 3, "objectData": {}}, {"id": 3, "objectData": {}}, {"id": 0, "objectData": {}}, {"id": 0, "objectData": {}}, {"id": 0, "objectData": {}}], [{"id": 0, "objectData": {}}, {"id": 0, "objectData": {}}, {"id": 0, "objectData": {}}, {"id": 3, "objectData": {}}, {"id": 0, "objectData": {}}, {"id": 3, "objectData": {}}, {"id": 0, "objectData": {}}, {"id": -1, "objectData": {}}, {"id": 0, "objectData": {}}, {"id": -1, "objectData": {}}, {"id": 0, "objectData": {}}, {"id": -1, "objectData": {}}, {"id": 0, "objectData": {}}, {"id": 0, "objectData": {}}, {"id": 0, "objectData": {}}, {"id": 0, "objectData": {}}, {"id": 3, "objectData": {}}, {"id": 3, "objectData": {}}, {"id": 3, "objectData": {}}, {"id": 3, "objectData": {}}, {"id": 3, "objectData": {}}, {"id": 3, "objectData": {}}, {"id": 0, "objectData": {}}, {"id": 0, "objectData": {}}, {"id": 0, "objectData": {}}], [{"id": 0, "objectData": {}}, {"id": 0, "objectData": {}}, {"id": 0, "objectData": {}}, {"id": -1, "objectData": {}}, {"id": 0, "objectData": {}}, {"id": 3, "objectData": {}}, {"id": 0, "objectData": {}}, {"id": -1, "objectData": {}}, {"id": 0, "objectData": {}}, {"id": 5, "objectData": {"start": 820, "fin": 830}}, {"id": 0, "objectData": {}}, {"id": 3, "objectData": {}}, {"id": 0, "objectData": {}}, {"id": 0, "objectData": {}}, {"id": 0, "objectData": {}}, {"id": 0, "objectData": {}}, {"id": 3, "objectData": {}}, {"id": 3, "objectData": {}}, {"id": 3, "objectData": {}}, {"id": 3, "objectData": {}}, {"id": 3, "objectData": {}}, {"id": 3, "objectData": {}}, {"id": 0, "objectData": {}}, {"id": 0, "objectData": {}}, {"id": 0, "objectData": {}}], [{"id": 0, "objectData": {}}, {"id": 0, "objectData": {}}, {"id": 0, "objectData": {}}, {"id": 0, "objectData": {}}, {"id": 0, "objectData": {}}, {"id": -1, "objectData": {}}, {"id": 0, "objectData": {}}, {"id": -1, "objectData": {}}, {"id": 0, "objectData": {}}, {"id": -1, "objectData": {}}, {"id": 0, "objectData": {}}, {"id": -1, "objectData": {}}, {"id": 0, "objectData": {}}, {"id": 0, "objectData": {}}, {"id": 0, "objectData": {}}, {"id": 0, "objectData": {}}, {"id": 0, "objectData": {}}, {"id": 0, "objectData": {}}, {"id": 0, "objectData": {}}, {"id": 0, "objectData": {}}, {"id": 0, "objectData": {}}, {"id": -1, "objectData": {}}, {"id": 0, "objectData": {}}, {"id": 0, "objectData": {}}, {"id": 0, "objectData": {}}], [{"id": 0, "objectData": {}}, {"id": 0, "objectData": {}}, {"id": 0, "objectData": {}}, {"id": 0, "objectData": {}}, {"id": 0, "objectData": {}}, {"id": 0, "objectData": {}}, {"id": 0, "objectData": {}}, {"id": 0, "objectData": {}}, {"id": 0, "objectData": {}}, {"id": 0, "objectData": {}}, {"id": 0, "objectData": {}}, {"id": 0, "objectData": {}}, {"id": 0, "objectData": {}}, {"id": 0, "objectData": {}}, {"id": 0, "objectData": {}}, {"id": 0, "objectData": {}}, {"id": 0, "objectData": {}}, {"id": 0, "objectData": {}}, {"id": 0, "objectData": {}}, {"id": 0, "objectData": {}}, {"id": 0, "objectData": {}}, {"id": -1, "objectData": {}}, {"id": 0, "objectData": {}}, {"id": 0, "objectData": {}}, {"id": 0, "objectData": {}}], [{"id": 0, "objectData": {}}, {"id": 0, "objectData": {}}, {"id": 0, "objectData": {}}, {"id": 0, "objectData": {}}, {"id": 0, "objectData": {}}, {"id": 0, "objectData": {}}, {"id": 0, "objectData": {}}, {"id": 0, "objectData": {}}, {"id": 0, "objectData": {}}, {"id": 0, "objectData": {}}, {"id": 0, "objectData": {}}, {"id": 0, "objectData": {}}, {"id": 0, "objectData": {}}, {"id": 0, "objectData": {}}, {"id": 0, "objectData": {}}, {"id": 0, "objectData": {}}, {"id": 0, "objectData": {}}, {"id": 0, "objectData": {}}, {"id": 0, "objectData": {}}, {"id": 0, "objectData": {}}, {"id": 0, "objectData": {}}, {"id": 0, "objectData": {}}, {"id": 0, "objectData": {}}, {"id": 0, "objectData": {}}, {"id": 0, "objectData": {}}], [{"id": 0, "objectData": {}}, {"id": 0, "objectData": {}}, {"id": 0, "objectData": {}}, {"id": 0, "objectData": {}}, {"id": 0, "objectData": {}}, {"id": 0, "objectData": {}}, {"id": 0, "objectData": {}}, {"id": 0, "objectData": {}}, {"id": 0, "objectData": {}}, {"id": 0, "objectData": {}}, {"id": 0, "objectData": {}}, {"id": 0, "objectData": {}}, {"id": 0, "objectData": {}}, {"id": 0, "objectData": {}}, {"id": 0, "objectData": {}}, {"id": 0, "objectData": {}}, {"id": 0, "objectData": {}}, {"id": 0, "objectData": {}}, {"id": 0, "objectData": {}}, {"id": 0, "objectData": {}}, {"id": 0, "objectData": {}}, {"id": 0, "objectData": {}}, {"id": 0, "objectData": {}}, {"id": 0, "objectData": {}}, {"id": 0, "objectData": {}}], [{"id": 0, "objectData": {}}, {"id": 0, "objectData": {}}, {"id": 0, "objectData": {}}, {"id": 0, "objectData": {}}, {"id": 0, "objectData": {}}, {"id": 0, "objectData": {}}, {"id": 0, "objectData": {}}, {"id": 0, "objectData": {}}, {"id": 0, "objectData": {}}, {"id": 0, "objectData": {}}, {"id": 0, "objectData": {}}, {"id": 0, "objectData": {}}, {"id": 0, "objectData": {}}, {"id": 0, "objectData": {}}, {"id": 0, "objectData": {}}, {"id": 0, "objectData": {}}, {"id": 0, "objectData": {}}, {"id": 0, "objectData": {}}, {"id": 0, "objectData": {}}, {"id": 0, "objectData": {}}, {"id": 0, "objectData": {}}, {"id": 0, "objectData": {}}, {"id": 0, "objectData": {}}, {"id": 0, "objectData": {}}, {"id": 0, "objectData": {}}], [{"id": 0, "objectData": {}}, {"id": 0, "objectData": {}}, {"id": 0, "objectData": {}}, {"id": 6, "objectData": {"health": 1, "extra1": 0, "extra2": 0, "id2": 1}}, {"id": 3, "objectData": {}}, {"id": -1, "objectData": {}}, {"id": -1, "objectData": {}}, {"id": 0, "objectData": {}}, {"id": 0, "objectData": {}}, {"id": 0, "objectData": {}}, {"id": 0, "objectData": {}}, {"id": 0, "objectData": {}}, {"id": 0, "objectData": {}}, {"id": 0, "objectData": {}}, {"id": 0, "objectData": {}}, {"id": 0, "objectData": {}}, {"id": 0, "objectData": {}}, {"id": 0, "objectData": {}}, {"id": 0, "objectData": {}}, {"id": 0, "objectData": {}}, {"id": 0, "objectData": {}}, {"id": 0, "objectData": {}}, {"id": 0, "objectData": {}}, {"id": 0, "objectData": {}}, {"id": 0, "objectData": {}}], [{"id": 0, "objectData": {}}, {"id": 0, "objectData": {}}, {"id": 0, "objectData": {}}, {"id": 0, "objectData": {}}, {"id": 0, "objectData": {}}, {"id": 0, "objectData": {}}, {"id": -1, "objectData": {}}, {"id": -1, "objectData": {}}, {"id": -1, "objectData": {}}, {"id": 0, "objectData": {}}, {"id": 0, "objectData": {}}, {"id": 0, "objectData": {}}, {"id": 0, "objectData": {}}, {"id": 0, "objectData": {}}, {"id": 0, "objectData": {}}, {"id": 0, "objectData": {}}, {"id": 0, "objectData": {}}, {"id": 0, "objectData": {}}, {"id": 0, "objectData": {}}, {"id": 0, "objectData": {}}, {"id": 0, "objectData": {}}, {"id": 0, "objectData": {}}, {"id": 0, "objectData": {}}, {"id": 0, "objectData": {}}, {"id": 0, "objectData": {}}], [{"id": 0, "objectData": {}}, {"id": 0, "objectData": {}}, {"id": 0, "objectData": {}}, {"id": 0, "objectData": {}}, {"id": 0, "objectData": {}}, {"id": 0, "objectData": {}}, {"id": 0, "objectData": {}}, {"id": 0, "objectData": {}}, {"id": 0, "objectData": {}}, {"id": 0, "objectData": {}}, {"id": 0, "objectData": {}}, {"id": 0, "objectData": {}}, {"id": 0, "objectData": {}}, {"id": 0, "objectData": {}}, {"id": 0, "objectData": {}}, {"id": 0, "objectData": {}}, {"id": 0, "objectData": {}}, {"id": 0, "objectData": {}}, {"id": 0, "objectData": {}}, {"id": 0, "objectData": {}}, {"id": 0, "objectData": {}}, {"id": 0, "objectData": {}}, {"id": 0, "objectData": {}}, {"id": 0, "objectData": {}}, {"id": 0, "objectData": {}}], [{"id": 0, "objectData": {}}, {"id": 0, "objectData": {}}, {"id": 0, "objectData": {}}, {"id": 0, "objectData": {}}, {"id": 0, "objectData": {}}, {"id": 0, "objectData": {}}, {"id": 0, "objectData": {}}, {"id": 0, "objectData": {}}, {"id": 0, "objectData": {}}, {"id": 0, "objectData": {}}, {"id": 0, "objectData": {}}, {"id": 0, "objectData": {}}, {"id": 0, "objectData": {}}, {"id": 0, "objectData": {}}, {"id": 0, "objectData": {}}, {"id": 0, "objectData": {}}, {"id": 0, "objectData": {}}, {"id": 0, "objectData": {}}, {"id": 0, "objectData": {}}, {"id": 0, "objectData": {}}, {"id": 0, "objectData": {}}, {"id": 0, "objectData": {}}, {"id": 0, "objectData": {}}, {"id": 0, "objectData": {}}, {"id": 0, "objectData": {}}], [{"id": 0, "objectData": {}}, {"id": 0, "objectData": {}}, {"id": 0, "objectData": {}}, {"id": 0, "objectData": {}}, {"id": 0, "objectData": {}}, {"id": 0, "objectData": {}}, {"id": 0, "objectData": {}}, {"id": 0, "objectData": {}}, {"id": 0, "objectData": {}}, {"id": 0, "objectData": {}}, {"id": 0, "objectData": {}}, {"id": 0, "objectData": {}}, {"id": 0, "objectData": {}}, {"id": 0, "objectData": {}}, {"id": 0, "objectData": {}}, {"id": 0, "objectData": {}}, {"id": 0, "objectData": {}}, {"id": 0, "objectData": {}}, {"id": 0, "objectData": {}}, {"id": 0, "objectData": {}}, {"id": 0, "objectData": {}}, {"id": 0, "objectData": {}}, {"id": 0, "objectData": {}}, {"id": 0, "objectData": {}}, {"id": 0, "objectData": {}}]], "scripts": [{"tr": 0, "cmd": 3, "x": 0, "y": 17, "stable": true, "args": [6, 1, 0]}, {"tr": 0, "cmd": 3, "x": 0, "y": 18, "stable": true, "args": [5, 1, 0]}, {"tr": 0, "cmd": 3, "x": 0, "y": 19, "stable": true, "args": [4, 1, 0]}, {"tr": 0, "cmd": 3, "x": 0, "y": 20, "stable": true, "args": [3, 1, 0]}, {"tr": 0, "cmd": 3, "x": 0, "y": 21, "stable": true, "args": [2, 1, 0]}, {"tr": 0, "cmd": 3, "x": 0, "y": 22, "stable": true, "args": [1, 1, 0]}, {"tr": 0, "cmd": 3, "x": 0, "y": 23, "stable": true, "args": [0, 1, 0]}, {"tr": 0, "cmd": 4, "x": 0, "y": 24, "stable": true, "args": [0, 0, 0]}, {"tr": -1, "cmd": 4, "x": 1, "y": 2, "stable": true, "args": [2, 0, 0]}, {"tr": -1, "cmd": 4, "x": 2, "y": 1, "stable": true, "args": [2, 0, 0]}, {"tr": -1, "cmd": 4, "x": 2, "y": 4, "stable": true, "args": [3, 0, 0]}, {"tr": -1, "cmd": 1, "x": 2, "y": 7, "stable": true, "args": [7, 3, 0]}, {"tr": -1, "cmd": 4, "x": 4, "y": 23, "stable": true, "args": [1, 0, 0]}, {"tr": -1, "cmd": 4, "x": 5, "y": 23, "stable": true, "args": [4, 0, 0]}, {"tr": -1, "cmd": 4, "x": 7, "y": 3, "stable": true, "args": [5, 0, 0]}, {"tr": -1, "cmd": 4, "x": 7, "y": 5, "stable": true, "args": [6, 0, 0]}, {"tr": -1, "cmd": 4, "x": 7, "y": 7, "stable": true, "args": [8, 0, 0]}, {"tr": -1, "cmd": 4, "x": 7, "y": 9, "stable": true, "args": [10, 0, 0]}, {"tr": -1, "cmd": 4, "x": 7, "y": 11, "stable": true, "args": [11, 0, 0]}, {"tr": -1, "cmd": 4, "x": 7, "y": 13, "stable": true, "args": [14, 0, 0]}, {"tr": -1, "cmd": 4, "x": 7, "y": 15, "stable": true, "args": [15, 0, 0]}, {"tr": -1, "cmd": 1, "x": 7, "y": 23, "stable": false, "args": [1, 1, 0]}, {"tr": -1, "cmd": 4, "x": 8, "y": 3, "stable": true, "args": [7, 0, 0]}, {"tr": -1, "cmd": 4, "x": 8, "y": 7, "stable": true, "args": [9, 0, 0]}, {"tr": -1, "cmd": 4, "x": 8, "y": 9, "stable": true, "args": [17, 0, 0]}, {"tr": -1, "cmd": 4, "x": 8, "y": 11, "stable": true, "args": [12, 0, 0]}, {"tr": -1, "cmd": 4, "x": 8, "y": 15, "stable": true, "args": [16, 0, 0]}, {"tr": -1, "cmd": 4, "x": 9, "y": 11, "stable": true, "args": [13, 0, 0]}, {"tr": -1, "cmd": 1, "x": 11, "y": 13, "stable": false, "args": [7, 15, 0]}, {"tr": -1, "cmd": 1, "x": 14, "y": 3, "stable": false, "args": [7, 5, 0]}, {"tr": -1, "cmd": 1, "x": 15, "y": 5, "stable": false, "args": [7, 7, 0]}, {"tr": -1, "cmd": 1, "x": 15, "y": 7, "stable": false, "args": [7, 9, 0]}, {"tr": -1, "cmd": 1, "x": 15, "y": 9, "stable": false, "args": [7, 11, 0]}, {"tr": -1, "cmd": 1, "x": 15, "y": 11, "stable": false, "args": [7, 13, 0]}, {"tr": -1, "cmd": 1, "x": 16, "y": 21, "stable": false, "args": [21, 8, 0]}, {"tr": -1, "cmd": 4, "x": 21, "y": 8, "stable": true, "args": [18, 0, 0]}], "texts": ["Use W,A,S,D to move", "Use <space> to place a bomb", "Use Bombs to kill Enemys", "All Enemys Dead = Win!", "Explosion Hits You = Dead", "The most Collectables Help you", "+Bomb: More Bombs at the same time", "+Exp: Your Explosion gets longer", "SmokeGranade: Creates Smoke(useless)", "Place with <m>", "Ghost: Gives you a random Curse", "TimeBomb: Explodes when you want it to", "Place with <t>", "Detonate with<#>", "Heart: Let you live longer after hits", "Dynamite: Big Explosion Radius", "Place with <y> (Run!!!)", "But You can destroy them with Bombs", "Kill the last Enemy to Win the Tutorial"]}