{"world": [[{"id": 0, "objectData": {}}, {"id": 0, "objectData": {}}, {"id": 0, "objectData": {}}, {"id": 0, "objectData": {}}, {"id": 0, "objectData": {}}, {"id": 0, "objectData": {}}, {"id": 0, "objectData": {}}, {"id": 0, "objectData": {}}, {"id": 0, "objectData": {}}, {"id": 0, "objectData": {}}, {"id": 0, "objectData": {}}, {"id": 0, "objectData": {}}, {"id": 0, "objectData": {}}, {"id": 0, "objectData": {}}, {"id": 0, "objectData": {}}, {"id": 0, "objectData": {}}, {"id": 0, "objectData": {}}, {"id": 0, "objectData": {}}, {"id": 0, "objectData": {}}, {"id": 0, "objectData": {}}, {"id": 0, "objectData": {}}, {"id": 0, "objectData": {}}, {"id": 0, "objectData": {}}, {"id": 0, "objectData": {}}, {"id": 0, "objectData": {}}], [{"id": 0, "objectData": {}}, {"id": 5, "objectData": {"data1": 0, "data2": 0, "data3": 0, "id": 0}}, {"id": 5, "objectData": {"data1": 0, "data2": 0, "data3": 0, "id": 1}}, {"id": 5, "objectData": {"data1": 0, "data2": 0, "data3": 0, "id": 2}}, {"id": 5, "objectData": {"data1": 0, "data2": 0, "data3": 0, "id": 3}}, {"id": 5, "objectData": {"data1": 0, "data2": 0, "data3": 0, "id": 4}}, {"id": 5, "objectData": {"data1": 0, "data2": 0, "data3": 0, "id": 5}}, {"id": 5, "objectData": {"data1": 0, "data2": 0, "data3": 0, "id": 6}}, {"id": -1, "objectData": {}}, {"id": 0, "objectData": {}}, {"id": -1, "objectData": {}}, {"id": 0, "objectData": {}}, {"id": 0, "objectData": {}}, {"id": 0, "objectData": {}}, {"id": 0, "objectData": {}}, {"id": 3, "objectData": {}}, {"id": 3, "objectData": {}}, {"id": 3, "objectData": {}}, {"id": 3, "objectData": {}}, {"id": 3, "objectData": {}}, {"id": 3, "objectData": {}}, {"id": 3, "objectData": {}}, {"id": 3, "objectData": {}}, {"id": 3, "objectData": {}}, {"id": 0, "objectData": {}}], [{"id": 0, "objectData": {}}, {"id": 5, "objectData": {"data1": 0, "data2": 0, "data3": 0, "id": 0}}, {"id": 5, "objectData": {"data1": 0, "data2": 0, "data3": 0, "id": 1}}, {"id": 5, "objectData": {"data1": 0, "data2": 0, "data3": 0, "id": 2}}, {"id": 5, "objectData": {"data1": 0, "data2": 0, "data3": 0, "id": 3}}, {"id": 5, "objectData": {"data1": 0, "data2": 0, "data3": 0, "id": 4}}, {"id": 5, "objectData": {"data1": 0, "data2": 0, "data3": 0, "id": 5}}, {"id": 5, "objectData": {"data1": 0, "data2": 0, "data3": 0, "id": 6}}, {"id": -1, "objectData": {}}, {"id": 0, "objectData": {}}, {"id": -1, "objectData": {}}, {"id": 0, "objectData": {}}, {"id": 0, "objectData": {}}, {"id": 0, "objectData": {}}, {"id": 0, "objectData": {}}, {"id": 3, "objectData": {}}, {"id": 0, "objectData": {}}, {"id": 3, "objectData": {}}, {"id": 0, "objectData": {}}, {"id": 3, "objectData": {}}, {"id": 0, "objectData": {}}, {"id": 3, "objectData": {}}, {"id": 0, "objectData": {}}, {"id": 3, "objectData": {}}, {"id": 0, "objectData": {}}], [{"id": 0, "objectData": {}}, {"id": -1, "objectData": {}}, {"id": -1, "objectData": {}}, {"id": -1, "objectData": {}}, {"id": -1, "objectData": {}}, {"id": -1, "objectData": {}}, {"id": -1, "objectData": {}}, {"id": -1, "objectData": {}}, {"id": -1, "objectData": {}}, {"id": 0, "objectData": {}}, {"id": -1, "objectData": {}}, {"id": 0, "objectData": {}}, {"id": 0, "objectData": {}}, {"id": 0, "objectData": {}}, {"id": 0, "objectData": {}}, {"id": 3, "objectData": {}}, {"id": 3, "objectData": {}}, {"id": 3, "objectData": {}}, {"id": 3, "objectData": {}}, {"id": 3, "objectData": {}}, {"id": 3, "objectData": {}}, {"id": 3, "objectData": {}}, {"id": 3, "objectData": {}}, {"id": 3, "objectData": {}}, {"id": 0, "objectData": {}}], [{"id": 0, "objectData": {}}, {"id": 0, "objectData": {}}, {"id": 0, "objectData": {}}, {"id": 0, "objectData": {}}, {"id": 0, "objectData": {}}, {"id": -1, "objectData": {}}, {"id": 0, "objectData": {}}, {"id": 0, "objectData": {}}, {"id": 0, "objectData": {}}, {"id": 0, "objectData": {}}, {"id": -1, "objectData": {}}, {"id": 0, "objectData": {}}, {"id": 0, "objectData": {}}, {"id": -1, "objectData": {}}, {"id": -1, "objectData": {}}, {"id": 3, "objectData": {}}, {"id": 0, "objectData": {}}, {"id": 3, "objectData": {}}, {"id": 0, "objectData": {}}, {"id": 3, "objectData": {}}, {"id": 0, "objectData": {}}, {"id": 3, "objectData": {}}, {"id": 0, "objectData": {}}, {"id": 3, "objectData": {}}, {"id": 0, "objectData": {}}], [{"id": 0, "objectData": {}}, {"id": 0, "objectData": {}}, {"id": 0, "objectData": {}}, {"id": -1, "objectData": {}}, {"id": -1, "objectData": {}}, {"id": -1, "objectData": {}}, {"id": 0, "objectData": {}}, {"id": 0, "objectData": {}}, {"id": 0, "objectData": {}}, {"id": 0, "objectData": {}}, {"id": -1, "objectData": {}}, {"id": 0, "objectData": {}}, {"id": 0, "objectData": {}}, {"id": -1, "objectData": {}}, {"id": 0, "objectData": {}}, {"id": 3, "objectData": {}}, {"id": 3, "objectData": {}}, {"id": 3, "objectData": {}}, {"id": 3, "objectData": {}}, {"id": 3, "objectData": {}}, {"id": 3, "objectData": {}}, {"id": 3, "objectData": {}}, {"id": 3, "objectData": {}}, {"id": 3, "objectData": {}}, {"id": 0, "objectData": {}}], [{"id": 0, "objectData": {}}, {"id": 0, "objectData": {}}, {"id": 0, "objectData": {}}, {"id": -1, "objectData": {}}, {"id": 0, "objectData": {}}, {"id": 0, "objectData": {}}, {"id": 0, "objectData": {}}, {"id": 0, "objectData": {}}, {"id": 0, "objectData": {}}, {"id": 0, "objectData": {}}, {"id": -1, "objectData": {}}, {"id": -1, "objectData": {}}, {"id": -1, "objectData": {}}, {"id": -1, "objectData": {}}, {"id": 0, "objectData": {}}, {"id": 3, "objectData": {}}, {"id": 3, "objectData": {}}, {"id": 3, "objectData": {}}, {"id": 3, "objectData": {}}, {"id": 3, "objectData": {}}, {"id": 3, "objectData": {}}, {"id": 3, "objectData": {}}, {"id": 3, "objectData": {}}, {"id": 3, "objectData": {}}, {"id": 0, "objectData": {}}], [{"id": 0, "objectData": {}}, {"id": -1, "objectData": {}}, {"id": -1, "objectData": {}}, {"id": -1, "objectData": {}}, {"id": -1, "objectData": {}}, {"id": -1, "objectData": {}}, {"id": -1, "objectData": {}}, {"id": -1, "objectData": {}}, {"id": -1, "objectData": {}}, {"id": -1, "objectData": {}}, {"id": -1, "objectData": {}}, {"id": 0, "objectData": {}}, {"id": 0, "objectData": {}}, {"id": 0, "objectData": {}}, {"id": 0, "objectData": {}}, {"id": 3, "objectData": {}}, {"id": 0, "objectData": {}}, {"id": 3, "objectData": {}}, {"id": 0, "objectData": {}}, {"id": 3, "objectData": {}}, {"id": 0, "objectData": {}}, {"id": 3, "objectData": {}}, {"id": 0, "objectData": {}}, {"id": 3, "objectData": {}}, {"id": 0, "objectData": {}}], [{"id": 0, "objectData": {}}, {"id": -1, "objectData": {}}, {"id": -1, "objectData": {}}, {"id": -1, "objectData": {}}, {"id": -1, "objectData": {}}, {"id": -1, "objectData": {}}, {"id": -1, "objectData": {}}, {"id": -1, "objectData": {}}, {"id": -1, "objectData": {}}, {"id": -1, "objectData": {}}, {"id": -1, "objectData": {}}, {"id": 0, "objectData": {}}, {"id": 0, "objectData": {}}, {"id": 0, "objectData": {}}, {"id": 0, "objectData": {}}, {"id": 3, "objectData": {}}, {"id": 3, "objectData": {}}, {"id": 3, "objectData": {}}, {"id": 3, "objectData": {}}, {"id": 3, "objectData": {}}, {"id": 3, "objectData": {}}, {"id": 3, "objectData": {}}, {"id": 3, "objectData": {}}, {"id": 3, "objectData": {}}, {"id": 0, "objectData": {}}], [{"id": 0, "objectData": {}}, {"id": -1, "objectData": {}}, {"id": -1, "objectData": {}}, {"id": -1, "objectData": {}}, {"id": -1, "objectData": {}}, {"id": -1, "objectData": {}}, {"id": -1, "objectData": {}}, {"id": -1, "objectData": {}}, {"id": -1, "objectData": {}}, {"id": -1, "objectData": {}}, {"id": -1, "objectData": {}}, {"id": -1, "objectData": {}}, {"id": -1, "objectData": {}}, {"id": -1, "objectData": {}}, {"id": 0, "objectData": {}}, {"id": 0, "objectData": {}}, {"id": 3, "objectData": {}}, {"id": 0, "objectData": {}}, {"id": 3, "objectData": {}}, {"id": 0, "objectData": {}}, {"id": 3, "objectData": {}}, {"id": 0, "objectData": {}}, {"id": 3, "objectData": {}}, {"id": 0, "objectData": {}}, {"id": 0, "objectData": {}}], [{"id": 0, "objectData": {}}, {"id": -1, "objectData": {}}, {"id": -1, "objectData": {}}, {"id": -1, "objectData": {}}, {"id": -1, "objectData": {}}, {"id": -1, "objectData": {}}, {"id": -1, "objectData": {}}, {"id": -1, "objectData": {}}, {"id": -1, "objectData": {}}, {"id": -1, "objectData": {}}, {"id": -1, "objectData": {}}, {"id": -1, "objectData": {}}, {"id": -1, "objectData": {}}, {"id": -1, "objectData": {}}, {"id": 0, "objectData": {}}, {"id": 0, "objectData": {}}, {"id": 0, "objectData": {}}, {"id": 0, "objectData": {}}, {"id": 0, "objectData": {}}, {"id": 0, "objectData": {}}, {"id": 0, "objectData": {}}, {"id": 0, "objectData": {}}, {"id": 0, "objectData": {}}, {"id": 0, "objectData": {}}, {"id": 0, "objectData": {}}], [{"id": 0, "objectData": {}}, {"id": -1, "objectData": {}}, {"id": -1, "objectData": {}}, {"id": -1, "objectData": {}}, {"id": -1, "objectData": {}}, {"id": -1, "objectData": {}}, {"id": -1, "objectData": {}}, {"id": -1, "objectData": {}}, {"id": -1, "objectData": {}}, {"id": -1, "objectData": {}}, {"id": -1, "objectData": {}}, {"id": -1, "objectData": {}}, {"id": -1, "objectData": {}}, {"id": -1, "objectData": {}}, {"id": -1, "objectData": {}}, {"id": -1, "objectData": {}}, {"id": -1, "objectData": {}}, {"id": -1, "objectData": {}}, {"id": -1, "objectData": {}}, {"id": -1, "objectData": {}}, {"id": -1, "objectData": {}}, {"id": -1, "objectData": {}}, {"id": -1, "objectData": {}}, {"id": -1, "objectData": {}}, {"id": 0, "objectData": {}}], [{"id": 0, "objectData": {}}, {"id": -1, "objectData": {}}, {"id": -1, "objectData": {}}, {"id": -1, "objectData": {}}, {"id": -1, "objectData": {}}, {"id": -1, "objectData": {}}, {"id": -1, "objectData": {}}, {"id": -1, "objectData": {}}, {"id": -1, "objectData": {}}, {"id": -1, "objectData": {}}, {"id": -1, "objectData": {}}, {"id": -1, "objectData": {}}, {"id": 2, "objectData": {}}, {"id": -1, "objectData": {}}, {"id": -1, "objectData": {}}, {"id": -1, "objectData": {}}, {"id": -1, "objectData": {}}, {"id": -1, "objectData": {}}, {"id": -1, "objectData": {}}, {"id": -1, "objectData": {}}, {"id": -1, "objectData": {}}, {"id": -1, "objectData": {}}, {"id": -1, "objectData": {}}, {"id": -1, "objectData": {}}, {"id": 0, "objectData": {}}], [{"id": 0, "objectData": {}}, {"id": -1, "objectData": {}}, {"id": -1, "objectData": {}}, {"id": -1, "objectData": {}}, {"id": -1, "objectData": {}}, {"id": -1, "objectData": {}}, {"id": -1, "objectData": {}}, {"id": -1, "objectData": {}}, {"id": -1, "objectData": {}}, {"id": -1, "objectData": {}}, {"id": -1, "objectData": {}}, {"id": -1, "objectData": {}}, {"id": -1, "objectData": {}}, {"id": -1, "objectData": {}}, {"id": -1, "objectData": {}}, {"id": -1, "objectData": {}}, {"id": -1, "objectData": {}}, {"id": -1, "objectData": {}}, {"id": -1, "objectData": {}}, {"id": -1, "objectData": {}}, {"id": -1, "objectData": {}}, {"id": -1, "objectData": {}}, {"id": -1, "objectData": {}}, {"id": -1, "objectData": {}}, {"id": 0, "objectData": {}}], [{"id": 0, "objectData": {}}, {"id": -1, "objectData": {}}, {"id": -1, "objectData": {}}, {"id": -1, "objectData": {}}, {"id": -1, "objectData": {}}, {"id": -1, "objectData": {}}, {"id": -1, "objectData": {}}, {"id": -1, "objectData": {}}, {"id": -1, "objectData": {}}, {"id": -1, "objectData": {}}, {"id": -1, "objectData": {}}, {"id": -1, "objectData": {}}, {"id": -1, "objectData": {}}, {"id": -1, "objectData": {}}, {"id": -1, "objectData": {}}, {"id": -1, "objectData": {}}, {"id": -1, "objectData": {}}, {"id": -1, "objectData": {}}, {"id": -1, "objectData": {}}, {"id": -1, "objectData": {}}, {"id": -1, "objectData": {}}, {"id": -1, "objectData": {}}, {"id": -1, "objectData": {}}, {"id": -1, "objectData": {}}, {"id": 0, "objectData": {}}], [{"id": 0, "objectData": {}}, {"id": -1, "objectData": {}}, {"id": -1, "objectData": {}}, {"id": -1, "objectData": {}}, {"id": -1, "objectData": {}}, {"id": -1, "objectData": {}}, {"id": -1, "objectData": {}}, {"id": -1, "objectData": {}}, {"id": -1, "objectData": {}}, {"id": -1, "objectData": {}}, {"id": -1, "objectData": {}}, {"id": -1, "objectData": {}}, {"id": -1, "objectData": {}}, {"id": -1, "objectData": {}}, {"id": -1, "objectData": {}}, {"id": -1, "objectData": {}}, {"id": -1, "objectData": {}}, {"id": -1, "objectData": {}}, {"id": -1, "objectData": {}}, {"id": -1, "objectData": {}}, {"id": -1, "objectData": {}}, {"id": -1, "objectData": {}}, {"id": -1, "objectData": {}}, {"id": -1, "objectData": {}}, {"id": 0, "objectData": {}}], [{"id": 0, "objectData": {}}, {"id": -1, "objectData": {}}, {"id": -1, "objectData": {}}, {"id": -1, "objectData": {}}, {"id": -1, "objectData": {}}, {"id": -1, "objectData": {}}, {"id": -1, "objectData": {}}, {"id": -1, "objectData": {}}, {"id": -1, "objectData": {}}, {"id": -1, "objectData": {}}, {"id": -1, "objectData": {}}, {"id": -1, "objectData": {}}, {"id": -1, "objectData": {}}, {"id": -1, "objectData": {}}, {"id": -1, "objectData": {}}, {"id": -1, "objectData": {}}, {"id": -1, "objectData": {}}, {"id": -1, "objectData": {}}, {"id": -1, "objectData": {}}, {"id": -1, "objectData": {}}, {"id": -1, "objectData": {}}, {"id": -1, "objectData": {}}, {"id": -1, "objectData": {}}, {"id": -1, "objectData": {}}, {"id": 0, "objectData": {}}], [{"id": 0, "objectData": {}}, {"id": -1, "objectData": {}}, {"id": -1, "objectData": {}}, {"id": -1, "objectData": {}}, {"id": -1, "objectData": {}}, {"id": -1, "objectData": {}}, {"id": -1, "objectData": {}}, {"id": -1, "objectData": {}}, {"id": -1, "objectData": {}}, {"id": -1, "objectData": {}}, {"id": -1, "objectData": {}}, {"id": -1, "objectData": {}}, {"id": -1, "objectData": {}}, {"id": -1, "objectData": {}}, {"id": -1, "objectData": {}}, {"id": -1, "objectData": {}}, {"id": -1, "objectData": {}}, {"id": -1, "objectData": {}}, {"id": -1, "objectData": {}}, {"id": -1, "objectData": {}}, {"id": -1, "objectData": {}}, {"id": -1, "objectData": {}}, {"id": -1, "objectData": {}}, {"id": -1, "objectData": {}}, {"id": 0, "objectData": {}}], [{"id": 0, "objectData": {}}, {"id": -1, "objectData": {}}, {"id": -1, "objectData": {}}, {"id": -1, "objectData": {}}, {"id": -1, "objectData": {}}, {"id": -1, "objectData": {}}, {"id": -1, "objectData": {}}, {"id": -1, "objectData": {}}, {"id": -1, "objectData": {}}, {"id": -1, "objectData": {}}, {"id": -1, "objectData": {}}, {"id": -1, "objectData": {}}, {"id": -1, "objectData": {}}, {"id": -1, "objectData": {}}, {"id": -1, "objectData": {}}, {"id": -1, "objectData": {}}, {"id": -1, "objectData": {}}, {"id": -1, "objectData": {}}, {"id": -1, "objectData": {}}, {"id": -1, "objectData": {}}, {"id": -1, "objectData": {}}, {"id": -1, "objectData": {}}, {"id": -1, "objectData": {}}, {"id": -1, "objectData": {}}, {"id": 0, "objectData": {}}], [{"id": 0, "objectData": {}}, {"id": -1, "objectData": {}}, {"id": -1, "objectData": {}}, {"id": -1, "objectData": {}}, {"id": -1, "objectData": {}}, {"id": -1, "objectData": {}}, {"id": -1, "objectData": {}}, {"id": -1, "objectData": {}}, {"id": -1, "objectData": {}}, {"id": -1, "objectData": {}}, {"id": -1, "objectData": {}}, {"id": -1, "objectData": {}}, {"id": -1, "objectData": {}}, {"id": -1, "objectData": {}}, {"id": -1, "objectData": {}}, {"id": -1, "objectData": {}}, {"id": -1, "objectData": {}}, {"id": -1, "objectData": {}}, {"id": -1, "objectData": {}}, {"id": -1, "objectData": {}}, {"id": -1, "objectData": {}}, {"id": -1, "objectData": {}}, {"id": -1, "objectData": {}}, {"id": -1, "objectData": {}}, {"id": 0, "objectData": {}}], [{"id": 0, "objectData": {}}, {"id": -1, "objectData": {}}, {"id": -1, "objectData": {}}, {"id": -1, "objectData": {}}, {"id": -1, "objectData": {}}, {"id": -1, "objectData": {}}, {"id": -1, "objectData": {}}, {"id": -1, "objectData": {}}, {"id": -1, "objectData": {}}, {"id": -1, "objectData": {}}, {"id": -1, "objectData": {}}, {"id": -1, "objectData": {}}, {"id": -1, "objectData": {}}, {"id": -1, "objectData": {}}, {"id": -1, "objectData": {}}, {"id": -1, "objectData": {}}, {"id": -1, "objectData": {}}, {"id": -1, "objectData": {}}, {"id": -1, "objectData": {}}, {"id": -1, "objectData": {}}, {"id": -1, "objectData": {}}, {"id": -1, "objectData": {}}, {"id": -1, "objectData": {}}, {"id": -1, "objectData": {}}, {"id": 0, "objectData": {}}], [{"id": 0, "objectData": {}}, {"id": 6, "objectData": {"health": 1, "extra1": 0, "extra2": 0, "id2": 1}}, {"id": 6, "objectData": {"health": 1, "extra1": 0, "extra2": 0, "id2": 1}}, {"id": 6, "objectData": {"health": 2, "extra1": 0, "extra2": 0, "id2": 1}}, {"id": 6, "objectData": {"health": 2, "extra1": 0, "extra2": 0, "id2": 1}}, {"id": 6, "objectData": {"health": 3, "extra1": 0, "extra2": 0, "id2": 1}}, {"id": 6, "objectData": {"health": 3, "extra1": 0, "extra2": 0, "id2": 1}}, {"id": 6, "objectData": {"health": 4, "extra1": 0, "extra2": 0, "id2": 1}}, {"id": 6, "objectData": {"health": 4, "extra1": 0, "extra2": 0, "id2": 1}}, {"id": 6, "objectData": {"health": 5, "extra1": 0, "extra2": 0, "id2": 1}}, {"id": 6, "objectData": {"health": 5, "extra1": 0, "extra2": 0, "id2": 1}}, {"id": 6, "objectData": {"health": 6, "extra1": 0, "extra2": 0, "id2": 1}}, {"id": 6, "objectData": {"health": 6, "extra1": 0, "extra2": 0, "id2": 1}}, {"id": 6, "objectData": {"health": 7, "extra1": 0, "extra2": 0, "id2": 1}}, {"id": 6, "objectData": {"health": 7, "extra1": 0, "extra2": 0, "id2": 1}}, {"id": 6, "objectData": {"health": 8, "extra1": 0, "extra2": 0, "id2": 1}}, {"id": 6, "objectData": {"health": 8, "extra1": 0, "extra2": 0, "id2": 1}}, {"id": 6, "objectData": {"health": 9, "extra1": 0, "extra2": 0, "id2": 1}}, {"id": 6, "objectData": {"health": 9, "extra1": 0, "extra2": 0, "id2": 1}}, {"id": 6, "objectData": {"health": 10, "extra1": 0, "extra2": 0, "id2": 1}}, {"id": 6, "objectData": {"health": 10, "extra1": 0, "extra2": 0, "id2": 1}}, {"id": 6, "objectData": {"health": 11, "extra1": 0, "extra2": 0, "id2": 1}}, {"id": 6, "objectData": {"health": 11, "extra1": 0, "extra2": 0, "id2": 1}}, {"id": 6, "objectData": {"health": 12, "extra1": 0, "extra2": 0, "id2": 1}}, {"id": 0, "objectData": {}}], [{"id": 0, "objectData": {}}, {"id": 6, "objectData": {"health": 1, "extra1": 0, "extra2": 0, "id2": 1}}, {"id": 6, "objectData": {"health": 1, "extra1": 0, "extra2": 0, "id2": 1}}, {"id": 6, "objectData": {"health": 2, "extra1": 0, "extra2": 0, "id2": 1}}, {"id": 6, "objectData": {"health": 2, "extra1": 0, "extra2": 0, "id2": 1}}, {"id": 6, "objectData": {"health": 3, "extra1": 0, "extra2": 0, "id2": 1}}, {"id": 6, "objectData": {"health": 3, "extra1": 0, "extra2": 0, "id2": 1}}, {"id": 6, "objectData": {"health": 4, "extra1": 0, "extra2": 0, "id2": 1}}, {"id": 6, "objectData": {"health": 4, "extra1": 0, "extra2": 0, "id2": 1}}, {"id": 6, "objectData": {"health": 5, "extra1": 0, "extra2": 0, "id2": 1}}, {"id": 6, "objectData": {"health": 5, "extra1": 0, "extra2": 0, "id2": 1}}, {"id": 6, "objectData": {"health": 6, "extra1": 0, "extra2": 0, "id2": 1}}, {"id": 6, "objectData": {"health": 6, "extra1": 0, "extra2": 0, "id2": 1}}, {"id": 6, "objectData": {"health": 7, "extra1": 0, "extra2": 0, "id2": 1}}, {"id": 6, "objectData": {"health": 7, "extra1": 0, "extra2": 0, "id2": 1}}, {"id": 6, "objectData": {"health": 8, "extra1": 0, "extra2": 0, "id2": 1}}, {"id": 6, "objectData": {"health": 8, "extra1": 0, "extra2": 0, "id2": 1}}, {"id": 6, "objectData": {"health": 9, "extra1": 0, "extra2": 0, "id2": 1}}, {"id": 6, "objectData": {"health": 9, "extra1": 0, "extra2": 0, "id2": 1}}, {"id": 6, "objectData": {"health": 10, "extra1": 0, "extra2": 0, "id2": 1}}, {"id": 6, "objectData": {"health": 10, "extra1": 0, "extra2": 0, "id2": 1}}, {"id": 6, "objectData": {"health": 11, "extra1": 0, "extra2": 0, "id2": 1}}, {"id": 6, "objectData": {"health": 11, "extra1": 0, "extra2": 0, "id2": 1}}, {"id": 6, "objectData": {"health": 12, "extra1": 0, "extra2": 0, "id2": 1}}, {"id": 0, "objectData": {}}], [{"id": 0, "objectData": {}}, {"id": 6, "objectData": {"health": 1, "extra1": 0, "extra2": 0, "id2": 1}}, {"id": 6, "objectData": {"health": 1, "extra1": 0, "extra2": 0, "id2": 1}}, {"id": 6, "objectData": {"health": 2, "extra1": 0, "extra2": 0, "id2": 1}}, {"id": 6, "objectData": {"health": 2, "extra1": 0, "extra2": 0, "id2": 1}}, {"id": 6, "objectData": {"health": 3, "extra1": 0, "extra2": 0, "id2": 1}}, {"id": 6, "objectData": {"health": 3, "extra1": 0, "extra2": 0, "id2": 1}}, {"id": 6, "objectData": {"health": 4, "extra1": 0, "extra2": 0, "id2": 1}}, {"id": 6, "objectData": {"health": 4, "extra1": 0, "extra2": 0, "id2": 1}}, {"id": 6, "objectData": {"health": 5, "extra1": 0, "extra2": 0, "id2": 1}}, {"id": 6, "objectData": {"health": 5, "extra1": 0, "extra2": 0, "id2": 1}}, {"id": 6, "objectData": {"health": 6, "extra1": 0, "extra2": 0, "id2": 1}}, {"id": 6, "objectData": {"health": 6, "extra1": 0, "extra2": 0, "id2": 1}}, {"id": 6, "objectData": {"health": 7, "extra1": 0, "extra2": 0, "id2": 1}}, {"id": 6, "objectData": {"health": 7, "extra1": 0, "extra2": 0, "id2": 1}}, {"id": 6, "objectData": {"health": 8, "extra1": 0, "extra2": 0, "id2": 1}}, {"id": 6, "objectData": {"health": 8, "extra1": 0, "extra2": 0, "id2": 1}}, {"id": 6, "objectData": {"health": 9, "extra1": 0, "extra2": 0, "id2": 1}}, {"id": 6, "objectData": {"health": 9, "extra1": 0, "extra2": 0, "id2": 1}}, {"id": 6, "objectData": {"health": 10, "extra1": 0, "extra2": 0, "id2": 1}}, {"id": 6, "objectData": {"health": 10, "extra1": 0, "extra2": 0, "id2": 1}}, {"id": 6, "objectData": {"health": 11, "extra1": 0, "extra2": 0, "id2": 1}}, {"id": 6, "objectData": {"health": 11, "extra1": 0, "extra2": 0, "id2": 1}}, {"id": 6, "objectData": {"health": 12, "extra1": 0, "extra2": 0, "id2": 1}}, {"id": 0, "objectData": {}}], [{"id": 0, "objectData": {}}, {"id": 0, "objectData": {}}, {"id": 0, "objectData": {}}, {"id": 0, "objectData": {}}, {"id": 0, "objectData": {}}, {"id": 0, "objectData": {}}, {"id": 0, "objectData": {}}, {"id": 0, "objectData": {}}, {"id": 0, "objectData": {}}, {"id": 0, "objectData": {}}, {"id": 0, "objectData": {}}, {"id": 0, "objectData": {}}, {"id": 0, "objectData": {}}, {"id": 0, "objectData": {}}, {"id": 0, "objectData": {}}, {"id": 0, "objectData": {}}, {"id": 0, "objectData": {}}, {"id": 0, "objectData": {}}, {"id": 0, "objectData": {}}, {"id": 0, "objectData": {}}, {"id": 0, "objectData": {}}, {"id": 0, "objectData": {}}, {"id": 0, "objectData": {}}, {"id": 0, "objectData": {}}, {"id": 0, "objectData": {}}]]}