{"world": [[{"id": 0, "objectData": {}}, {"id": 0, "objectData": {}}, {"id": 0, "objectData": {}}, {"id": 0, "objectData": {}}, {"id": 0, "objectData": {}}, {"id": 0, "objectData": {}}, {"id": 0, "objectData": {}}, {"id": 0, "objectData": {}}, {"id": 0, "objectData": {}}, {"id": 0, "objectData": {}}, {"id": 0, "objectData": {}}, {"id": 0, "objectData": {}}, {"id": 0, "objectData": {}}, {"id": 0, "objectData": {}}, {"id": 0, "objectData": {}}, {"id": 0, "objectData": {}}, {"id": 0, "objectData": {}}, {"id": 0, "objectData": {}}, {"id": 0, "objectData": {}}, {"id": 0, "objectData": {}}, {"id": 0, "objectData": {}}, {"id": 0, "objectData": {}}, {"id": 0, "objectData": {}}, {"id": 0, "objectData": {}}, {"id": 0, "objectData": {}}], [{"id": 0, "objectData": {}}, {"id": 3, "objectData": {}}, {"id": 3, "objectData": {}}, {"id": 3, "objectData": {}}, {"id": 3, "objectData": {}}, {"id": 3, "objectData": {}}, {"id": 3, "objectData": {}}, {"id": 3, "objectData": {}}, {"id": 3, "objectData": {}}, {"id": 3, "objectData": {}}, {"id": 3, "objectData": {}}, {"id": 3, "objectData": {}}, {"id": 3, "objectData": {}}, {"id": 3, "objectData": {}}, {"id": 3, "objectData": {}}, {"id": 3, "objectData": {}}, {"id": 3, "objectData": {}}, {"id": 3, "objectData": {}}, {"id": 3, "objectData": {}}, {"id": 3, "objectData": {}}, {"id": 3, "objectData": {}}, {"id": 3, "objectData": {}}, {"id": 4, "objectData": {}}, {"id": 2, "objectData": {}}, {"id": 0, "objectData": {}}], [{"id": 0, "objectData": {}}, {"id": 3, "objectData": {}}, {"id": 0, "objectData": {}}, {"id": 0, "objectData": {}}, {"id": 0, "objectData": {}}, {"id": 0, "objectData": {}}, {"id": 0, "objectData": {}}, {"id": 0, "objectData": {}}, {"id": 3, "objectData": {}}, {"id": 0, "objectData": {}}, {"id": 5, "objectData": {"data1": 0, "data2": 0, "data3": 0, "id": 2}}, {"id": 5, "objectData": {"data1": 0, "data2": 0, "data3": 0, "id": 2}}, {"id": 5, "objectData": {"data1": 0, "data2": 0, "data3": 0, "id": 2}}, {"id": 5, "objectData": {"data1": 0, "data2": 0, "data3": 0, "id": 2}}, {"id": 5, "objectData": {"data1": 0, "data2": 0, "data3": 0, "id": 2}}, {"id": 5, "objectData": {"data1": 0, "data2": 0, "data3": 0, "id": 2}}, {"id": 5, "objectData": {"data1": 0, "data2": 0, "data3": 0, "id": 2}}, {"id": 5, "objectData": {"data1": 0, "data2": 0, "data3": 0, "id": 2}}, {"id": 5, "objectData": {"data1": 0, "data2": 0, "data3": 0, "id": 2}}, {"id": 0, "objectData": {}}, {"id": 0, "objectData": {}}, {"id": 0, "objectData": {}}, {"id": 3, "objectData": {}}, {"id": 4, "objectData": {}}, {"id": 0, "objectData": {}}], [{"id": 0, "objectData": {}}, {"id": 3, "objectData": {}}, {"id": 0, "objectData": {}}, {"id": 5, "objectData": {"data1": 0, "data2": 0, "data3": 0, "id": 3}}, {"id": 5, "objectData": {"data1": 0, "data2": 0, "data3": 0, "id": 0}}, {"id": 3, "objectData": {}}, {"id": 6, "objectData": {"health": 15, "extra1": 0, "extra2": 0, "id2": 1}}, {"id": 6, "objectData": {"health": 15, "extra1": 0, "extra2": 0, "id2": 1}}, {"id": 3, "objectData": {}}, {"id": 0, "objectData": {}}, {"id": 5, "objectData": {"data1": 0, "data2": 0, "data3": 0, "id": 2}}, {"id": 5, "objectData": {"data1": 0, "data2": 0, "data3": 0, "id": 2}}, {"id": 5, "objectData": {"data1": 0, "data2": 0, "data3": 0, "id": 2}}, {"id": 5, "objectData": {"data1": 0, "data2": 0, "data3": 0, "id": 2}}, {"id": 5, "objectData": {"data1": 0, "data2": 0, "data3": 0, "id": 2}}, {"id": 5, "objectData": {"data1": 0, "data2": 0, "data3": 0, "id": 2}}, {"id": 5, "objectData": {"data1": 0, "data2": 0, "data3": 0, "id": 2}}, {"id": 5, "objectData": {"data1": 0, "data2": 0, "data3": 0, "id": 2}}, {"id": 5, "objectData": {"data1": 0, "data2": 0, "data3": 0, "id": 2}}, {"id": 0, "objectData": {}}, {"id": 5, "objectData": {"data1": 0, "data2": 0, "data3": 0, "id": 0}}, {"id": 0, "objectData": {}}, {"id": 3, "objectData": {}}, {"id": 3, "objectData": {}}, {"id": 0, "objectData": {}}], [{"id": 0, "objectData": {}}, {"id": 3, "objectData": {}}, {"id": 0, "objectData": {}}, {"id": 5, "objectData": {"data1": 0, "data2": 0, "data3": 0, "id": 0}}, {"id": 5, "objectData": {"data1": 0, "data2": 0, "data3": 0, "id": 3}}, {"id": 3, "objectData": {}}, {"id": 6, "objectData": {"health": 15, "extra1": 0, "extra2": 0, "id2": 1}}, {"id": 6, "objectData": {"health": 15, "extra1": 0, "extra2": 0, "id2": 1}}, {"id": 6, "objectData": {"health": 15, "extra1": 0, "extra2": 0, "id2": 1}}, {"id": 0, "objectData": {}}, {"id": 3, "objectData": {}}, {"id": 3, "objectData": {}}, {"id": 5, "objectData": {"data1": 0, "data2": 0, "data3": 0, "id": 3}}, {"id": 5, "objectData": {"data1": 0, "data2": 0, "data3": 0, "id": 0}}, {"id": 5, "objectData": {"data1": 0, "data2": 0, "data3": 0, "id": 3}}, {"id": 5, "objectData": {"data1": 0, "data2": 0, "data3": 0, "id": 0}}, {"id": 3, "objectData": {}}, {"id": 3, "objectData": {}}, {"id": 3, "objectData": {}}, {"id": 0, "objectData": {}}, {"id": 5, "objectData": {"data1": 0, "data2": 0, "data3": 0, "id": 0}}, {"id": 0, "objectData": {}}, {"id": 3, "objectData": {}}, {"id": 3, "objectData": {}}, {"id": 0, "objectData": {}}], [{"id": 0, "objectData": {}}, {"id": 3, "objectData": {}}, {"id": 0, "objectData": {}}, {"id": 5, "objectData": {"data1": 0, "data2": 0, "data3": 0, "id": 3}}, {"id": 5, "objectData": {"data1": 0, "data2": 0, "data3": 0, "id": 0}}, {"id": 3, "objectData": {}}, {"id": 6, "objectData": {"health": 15, "extra1": 0, "extra2": 0, "id2": 1}}, {"id": 6, "objectData": {"health": 15, "extra1": 0, "extra2": 0, "id2": 1}}, {"id": 6, "objectData": {"health": 15, "extra1": 0, "extra2": 0, "id2": 1}}, {"id": 0, "objectData": {}}, {"id": 3, "objectData": {}}, {"id": 3, "objectData": {}}, {"id": 5, "objectData": {"data1": 0, "data2": 0, "data3": 0, "id": 0}}, {"id": 5, "objectData": {"data1": 0, "data2": 0, "data3": 0, "id": 3}}, {"id": 5, "objectData": {"data1": 0, "data2": 0, "data3": 0, "id": 0}}, {"id": 5, "objectData": {"data1": 0, "data2": 0, "data3": 0, "id": 3}}, {"id": 3, "objectData": {}}, {"id": 3, "objectData": {}}, {"id": 3, "objectData": {}}, {"id": 0, "objectData": {}}, {"id": 5, "objectData": {"data1": 0, "data2": 0, "data3": 0, "id": 0}}, {"id": 0, "objectData": {}}, {"id": 3, "objectData": {}}, {"id": 3, "objectData": {}}, {"id": 0, "objectData": {}}], [{"id": 0, "objectData": {}}, {"id": 3, "objectData": {}}, {"id": 0, "objectData": {}}, {"id": 5, "objectData": {"data1": 0, "data2": 0, "data3": 0, "id": 0}}, {"id": 5, "objectData": {"data1": 0, "data2": 0, "data3": 0, "id": 3}}, {"id": 3, "objectData": {}}, {"id": 6, "objectData": {"health": 15, "extra1": 0, "extra2": 0, "id2": 1}}, {"id": 6, "objectData": {"health": 15, "extra1": 0, "extra2": 0, "id2": 1}}, {"id": 6, "objectData": {"health": 15, "extra1": 0, "extra2": 0, "id2": 1}}, {"id": 0, "objectData": {}}, {"id": 3, "objectData": {}}, {"id": 3, "objectData": {}}, {"id": 5, "objectData": {"data1": 0, "data2": 0, "data3": 0, "id": 3}}, {"id": 5, "objectData": {"data1": 0, "data2": 0, "data3": 0, "id": 0}}, {"id": 5, "objectData": {"data1": 0, "data2": 0, "data3": 0, "id": 3}}, {"id": 5, "objectData": {"data1": 0, "data2": 0, "data3": 0, "id": 0}}, {"id": 3, "objectData": {}}, {"id": 3, "objectData": {}}, {"id": 3, "objectData": {}}, {"id": 0, "objectData": {}}, {"id": 5, "objectData": {"data1": 0, "data2": 0, "data3": 0, "id": 0}}, {"id": 0, "objectData": {}}, {"id": 3, "objectData": {}}, {"id": 3, "objectData": {}}, {"id": 0, "objectData": {}}], [{"id": 0, "objectData": {}}, {"id": 3, "objectData": {}}, {"id": 3, "objectData": {}}, {"id": 0, "objectData": {}}, {"id": 0, "objectData": {}}, {"id": 0, "objectData": {}}, {"id": 0, "objectData": {}}, {"id": 0, "objectData": {}}, {"id": 0, "objectData": {}}, {"id": 0, "objectData": {}}, {"id": 0, "objectData": {}}, {"id": 3, "objectData": {}}, {"id": 5, "objectData": {"data1": 0, "data2": 0, "data3": 0, "id": 0}}, {"id": 5, "objectData": {"data1": 0, "data2": 0, "data3": 0, "id": 3}}, {"id": 5, "objectData": {"data1": 0, "data2": 0, "data3": 0, "id": 0}}, {"id": 5, "objectData": {"data1": 0, "data2": 0, "data3": 0, "id": 3}}, {"id": 3, "objectData": {}}, {"id": 3, "objectData": {}}, {"id": 0, "objectData": {}}, {"id": 0, "objectData": {}}, {"id": 3, "objectData": {}}, {"id": 0, "objectData": {}}, {"id": 0, "objectData": {}}, {"id": 6, "objectData": {"health": 12, "extra1": 0, "extra2": 0, "id2": 0}}, {"id": 0, "objectData": {}}], [{"id": 0, "objectData": {}}, {"id": 3, "objectData": {}}, {"id": 3, "objectData": {}}, {"id": 3, "objectData": {}}, {"id": 3, "objectData": {}}, {"id": 3, "objectData": {}}, {"id": 3, "objectData": {}}, {"id": 3, "objectData": {}}, {"id": 3, "objectData": {}}, {"id": 3, "objectData": {}}, {"id": 0, "objectData": {}}, {"id": 0, "objectData": {}}, {"id": 0, "objectData": {}}, {"id": 0, "objectData": {}}, {"id": 0, "objectData": {}}, {"id": 0, "objectData": {}}, {"id": 0, "objectData": {}}, {"id": 0, "objectData": {}}, {"id": 0, "objectData": {}}, {"id": 6, "objectData": {"health": 12, "extra1": 0, "extra2": 0, "id2": 0}}, {"id": 3, "objectData": {}}, {"id": 3, "objectData": {}}, {"id": 0, "objectData": {}}, {"id": 0, "objectData": {}}, {"id": 0, "objectData": {}}], [{"id": 0, "objectData": {}}, {"id": 3, "objectData": {}}, {"id": 3, "objectData": {}}, {"id": 3, "objectData": {}}, {"id": 5, "objectData": {"data1": 0, "data2": 0, "data3": 0, "id": 1}}, {"id": 3, "objectData": {}}, {"id": 3, "objectData": {}}, {"id": 3, "objectData": {}}, {"id": 3, "objectData": {}}, {"id": 3, "objectData": {}}, {"id": 3, "objectData": {}}, {"id": 3, "objectData": {}}, {"id": 3, "objectData": {}}, {"id": 0, "objectData": {}}, {"id": 3, "objectData": {}}, {"id": 5, "objectData": {"data1": 0, "data2": 0, "data3": 0, "id": 1}}, {"id": 3, "objectData": {}}, {"id": 3, "objectData": {}}, {"id": 6, "objectData": {"health": 12, "extra1": 0, "extra2": 0, "id2": 0}}, {"id": 6, "objectData": {"health": 12, "extra1": 0, "extra2": 0, "id2": 0}}, {"id": 3, "objectData": {}}, {"id": 3, "objectData": {}}, {"id": 0, "objectData": {}}, {"id": 3, "objectData": {}}, {"id": 0, "objectData": {}}], [{"id": 0, "objectData": {}}, {"id": 3, "objectData": {}}, {"id": 3, "objectData": {}}, {"id": 3, "objectData": {}}, {"id": 3, "objectData": {}}, {"id": 3, "objectData": {}}, {"id": 5, "objectData": {"data1": 0, "data2": 0, "data3": 0, "id": 1}}, {"id": 3, "objectData": {}}, {"id": 5, "objectData": {"data1": 0, "data2": 0, "data3": 0, "id": 1}}, {"id": 3, "objectData": {}}, {"id": 3, "objectData": {}}, {"id": 3, "objectData": {}}, {"id": 3, "objectData": {}}, {"id": 0, "objectData": {}}, {"id": 3, "objectData": {}}, {"id": 3, "objectData": {}}, {"id": 4, "objectData": {}}, {"id": 3, "objectData": {}}, {"id": 4, "objectData": {}}, {"id": 6, "objectData": {"health": 12, "extra1": 0, "extra2": 0, "id2": 0}}, {"id": 6, "objectData": {"health": 12, "extra1": 0, "extra2": 0, "id2": 0}}, {"id": 0, "objectData": {}}, {"id": 0, "objectData": {}}, {"id": 5, "objectData": {"data1": 0, "data2": 0, "data3": 0, "id": 1}}, {"id": 0, "objectData": {}}], [{"id": 0, "objectData": {}}, {"id": 3, "objectData": {}}, {"id": 3, "objectData": {}}, {"id": 5, "objectData": {"data1": 0, "data2": 0, "data3": 0, "id": 1}}, {"id": 3, "objectData": {}}, {"id": 3, "objectData": {}}, {"id": 3, "objectData": {}}, {"id": 3, "objectData": {}}, {"id": 3, "objectData": {}}, {"id": 3, "objectData": {}}, {"id": 3, "objectData": {}}, {"id": 3, "objectData": {}}, {"id": 3, "objectData": {}}, {"id": 0, "objectData": {}}, {"id": 3, "objectData": {}}, {"id": 5, "objectData": {"data1": 0, "data2": 0, "data3": 0, "id": 1}}, {"id": 3, "objectData": {}}, {"id": 4, "objectData": {}}, {"id": 3, "objectData": {}}, {"id": 3, "objectData": {}}, {"id": 6, "objectData": {"health": 12, "extra1": 0, "extra2": 0, "id2": 0}}, {"id": 0, "objectData": {}}, {"id": 3, "objectData": {}}, {"id": 4, "objectData": {}}, {"id": 0, "objectData": {}}], [{"id": 0, "objectData": {}}, {"id": 3, "objectData": {}}, {"id": 3, "objectData": {}}, {"id": 3, "objectData": {}}, {"id": 3, "objectData": {}}, {"id": 3, "objectData": {}}, {"id": 3, "objectData": {}}, {"id": 5, "objectData": {"data1": 0, "data2": 0, "data3": 0, "id": 1}}, {"id": 3, "objectData": {}}, {"id": 3, "objectData": {}}, {"id": 3, "objectData": {}}, {"id": 3, "objectData": {}}, {"id": 0, "objectData": {}}, {"id": 3, "objectData": {}}, {"id": 3, "objectData": {}}, {"id": 4, "objectData": {}}, {"id": 4, "objectData": {}}, {"id": 5, "objectData": {"data1": 0, "data2": 0, "data3": 0, "id": 1}}, {"id": 3, "objectData": {}}, {"id": 3, "objectData": {}}, {"id": 0, "objectData": {}}, {"id": 0, "objectData": {}}, {"id": 3, "objectData": {}}, {"id": 5, "objectData": {"data1": 0, "data2": 0, "data3": 0, "id": 1}}, {"id": 0, "objectData": {}}], [{"id": 0, "objectData": {}}, {"id": 3, "objectData": {}}, {"id": 3, "objectData": {}}, {"id": 5, "objectData": {"data1": 0, "data2": 0, "data3": 0, "id": 1}}, {"id": 3, "objectData": {}}, {"id": 3, "objectData": {}}, {"id": 3, "objectData": {}}, {"id": 3, "objectData": {}}, {"id": 3, "objectData": {}}, {"id": 3, "objectData": {}}, {"id": 3, "objectData": {}}, {"id": 0, "objectData": {}}, {"id": 0, "objectData": {}}, {"id": 3, "objectData": {}}, {"id": 4, "objectData": {}}, {"id": 4, "objectData": {}}, {"id": 3, "objectData": {}}, {"id": 3, "objectData": {}}, {"id": 3, "objectData": {}}, {"id": 0, "objectData": {}}, {"id": 0, "objectData": {}}, {"id": 5, "objectData": {"data1": 0, "data2": 0, "data3": 0, "id": 1}}, {"id": 3, "objectData": {}}, {"id": 3, "objectData": {}}, {"id": 0, "objectData": {}}], [{"id": 0, "objectData": {}}, {"id": 3, "objectData": {}}, {"id": 3, "objectData": {}}, {"id": 3, "objectData": {}}, {"id": 3, "objectData": {}}, {"id": 3, "objectData": {}}, {"id": 3, "objectData": {}}, {"id": 3, "objectData": {}}, {"id": 3, "objectData": {}}, {"id": 3, "objectData": {}}, {"id": 0, "objectData": {}}, {"id": 0, "objectData": {}}, {"id": 3, "objectData": {}}, {"id": 3, "objectData": {}}, {"id": 3, "objectData": {}}, {"id": 3, "objectData": {}}, {"id": 5, "objectData": {"data1": 0, "data2": 0, "data3": 0, "id": 1}}, {"id": 3, "objectData": {}}, {"id": 3, "objectData": {}}, {"id": 0, "objectData": {}}, {"id": 6, "objectData": {"health": 12, "extra1": 0, "extra2": 0, "id2": 0}}, {"id": 3, "objectData": {}}, {"id": 4, "objectData": {}}, {"id": 4, "objectData": {}}, {"id": 0, "objectData": {}}], [{"id": 0, "objectData": {}}, {"id": 3, "objectData": {}}, {"id": 3, "objectData": {}}, {"id": 3, "objectData": {}}, {"id": 3, "objectData": {}}, {"id": 3, "objectData": {}}, {"id": 5, "objectData": {"data1": 0, "data2": 0, "data3": 0, "id": 1}}, {"id": 3, "objectData": {}}, {"id": 3, "objectData": {}}, {"id": 0, "objectData": {}}, {"id": 0, "objectData": {}}, {"id": 3, "objectData": {}}, {"id": 5, "objectData": {"data1": 0, "data2": 0, "data3": 0, "id": 1}}, {"id": 4, "objectData": {}}, {"id": 3, "objectData": {}}, {"id": 3, "objectData": {}}, {"id": 3, "objectData": {}}, {"id": 3, "objectData": {}}, {"id": 0, "objectData": {}}, {"id": 0, "objectData": {}}, {"id": 3, "objectData": {}}, {"id": 3, "objectData": {}}, {"id": 3, "objectData": {}}, {"id": 3, "objectData": {}}, {"id": 0, "objectData": {}}], [{"id": 0, "objectData": {}}, {"id": 3, "objectData": {}}, {"id": 3, "objectData": {}}, {"id": 3, "objectData": {}}, {"id": 3, "objectData": {}}, {"id": 3, "objectData": {}}, {"id": 3, "objectData": {}}, {"id": 3, "objectData": {}}, {"id": 3, "objectData": {}}, {"id": 0, "objectData": {}}, {"id": 0, "objectData": {}}, {"id": 3, "objectData": {}}, {"id": 3, "objectData": {}}, {"id": 3, "objectData": {}}, {"id": 3, "objectData": {}}, {"id": 5, "objectData": {"data1": 0, "data2": 0, "data3": 0, "id": 1}}, {"id": 3, "objectData": {}}, {"id": 3, "objectData": {}}, {"id": 3, "objectData": {}}, {"id": 3, "objectData": {}}, {"id": 3, "objectData": {}}, {"id": 3, "objectData": {}}, {"id": 4, "objectData": {}}, {"id": 5, "objectData": {"data1": 0, "data2": 0, "data3": 0, "id": 1}}, {"id": 0, "objectData": {}}], [{"id": 0, "objectData": {}}, {"id": 3, "objectData": {}}, {"id": 3, "objectData": {}}, {"id": 3, "objectData": {}}, {"id": 0, "objectData": {}}, {"id": 0, "objectData": {}}, {"id": 0, "objectData": {}}, {"id": 3, "objectData": {}}, {"id": 3, "objectData": {}}, {"id": 3, "objectData": {}}, {"id": 0, "objectData": {}}, {"id": 0, "objectData": {}}, {"id": 0, "objectData": {}}, {"id": 3, "objectData": {}}, {"id": 3, "objectData": {}}, {"id": 3, "objectData": {}}, {"id": 3, "objectData": {}}, {"id": 0, "objectData": {}}, {"id": 3, "objectData": {}}, {"id": 6, "objectData": {"health": 12, "extra1": 0, "extra2": 0, "id2": 0}}, {"id": 4, "objectData": {}}, {"id": 4, "objectData": {}}, {"id": 3, "objectData": {}}, {"id": 3, "objectData": {}}, {"id": 0, "objectData": {}}], [{"id": 0, "objectData": {}}, {"id": 0, "objectData": {}}, {"id": 0, "objectData": {}}, {"id": 4, "objectData": {}}, {"id": 0, "objectData": {}}, {"id": 3, "objectData": {}}, {"id": 0, "objectData": {}}, {"id": 3, "objectData": {}}, {"id": 3, "objectData": {}}, {"id": 6, "objectData": {"health": 12, "extra1": 0, "extra2": 0, "id2": 0}}, {"id": 3, "objectData": {}}, {"id": 3, "objectData": {}}, {"id": 0, "objectData": {}}, {"id": 0, "objectData": {}}, {"id": 3, "objectData": {}}, {"id": 3, "objectData": {}}, {"id": 0, "objectData": {}}, {"id": 0, "objectData": {}}, {"id": 3, "objectData": {}}, {"id": 3, "objectData": {}}, {"id": 3, "objectData": {}}, {"id": 3, "objectData": {}}, {"id": 5, "objectData": {"data1": 0, "data2": 0, "data3": 0, "id": 1}}, {"id": 3, "objectData": {}}, {"id": 0, "objectData": {}}], [{"id": 0, "objectData": {}}, {"id": 3, "objectData": {}}, {"id": 3, "objectData": {}}, {"id": 3, "objectData": {}}, {"id": 3, "objectData": {}}, {"id": 3, "objectData": {}}, {"id": 0, "objectData": {}}, {"id": 0, "objectData": {}}, {"id": 3, "objectData": {}}, {"id": 3, "objectData": {}}, {"id": 4, "objectData": {}}, {"id": 3, "objectData": {}}, {"id": 3, "objectData": {}}, {"id": 3, "objectData": {}}, {"id": 4, "objectData": {}}, {"id": 3, "objectData": {}}, {"id": 3, "objectData": {}}, {"id": 0, "objectData": {}}, {"id": 0, "objectData": {}}, {"id": 3, "objectData": {}}, {"id": 4, "objectData": {}}, {"id": 3, "objectData": {}}, {"id": 3, "objectData": {}}, {"id": 3, "objectData": {}}, {"id": 0, "objectData": {}}], [{"id": 0, "objectData": {}}, {"id": 3, "objectData": {}}, {"id": 6, "objectData": {"health": 12, "extra1": 0, "extra2": 0, "id2": 0}}, {"id": 4, "objectData": {}}, {"id": 3, "objectData": {}}, {"id": 4, "objectData": {}}, {"id": 3, "objectData": {}}, {"id": 0, "objectData": {}}, {"id": 3, "objectData": {}}, {"id": 6, "objectData": {"health": 12, "extra1": 0, "extra2": 0, "id2": 0}}, {"id": 3, "objectData": {}}, {"id": 3, "objectData": {}}, {"id": 3, "objectData": {}}, {"id": 3, "objectData": {}}, {"id": 3, "objectData": {}}, {"id": 6, "objectData": {"health": 12, "extra1": 0, "extra2": 0, "id2": 0}}, {"id": 3, "objectData": {}}, {"id": 3, "objectData": {}}, {"id": 0, "objectData": {}}, {"id": 0, "objectData": {}}, {"id": 0, "objectData": {}}, {"id": 3, "objectData": {}}, {"id": 4, "objectData": {}}, {"id": 4, "objectData": {}}, {"id": 0, "objectData": {}}], [{"id": 0, "objectData": {}}, {"id": 4, "objectData": {}}, {"id": 3, "objectData": {}}, {"id": 3, "objectData": {}}, {"id": 3, "objectData": {}}, {"id": 6, "objectData": {"health": 12, "extra1": 0, "extra2": 0, "id2": 0}}, {"id": 6, "objectData": {"health": 12, "extra1": 0, "extra2": 0, "id2": 0}}, {"id": 0, "objectData": {}}, {"id": 3, "objectData": {}}, {"id": 4, "objectData": {}}, {"id": 3, "objectData": {}}, {"id": 4, "objectData": {}}, {"id": 3, "objectData": {}}, {"id": 3, "objectData": {}}, {"id": 3, "objectData": {}}, {"id": 3, "objectData": {}}, {"id": 4, "objectData": {}}, {"id": 3, "objectData": {}}, {"id": 3, "objectData": {}}, {"id": 3, "objectData": {}}, {"id": 0, "objectData": {}}, {"id": 0, "objectData": {}}, {"id": 0, "objectData": {}}, {"id": 3, "objectData": {}}, {"id": 0, "objectData": {}}], [{"id": 0, "objectData": {}}, {"id": 3, "objectData": {}}, {"id": 3, "objectData": {}}, {"id": 3, "objectData": {}}, {"id": 4, "objectData": {}}, {"id": 3, "objectData": {}}, {"id": 3, "objectData": {}}, {"id": 0, "objectData": {}}, {"id": 0, "objectData": {}}, {"id": 3, "objectData": {}}, {"id": 3, "objectData": {}}, {"id": 3, "objectData": {}}, {"id": 3, "objectData": {}}, {"id": 4, "objectData": {}}, {"id": 6, "objectData": {"health": 12, "extra1": 0, "extra2": 0, "id2": 0}}, {"id": 3, "objectData": {}}, {"id": 3, "objectData": {}}, {"id": 6, "objectData": {"health": 12, "extra1": 0, "extra2": 0, "id2": 0}}, {"id": 4, "objectData": {}}, {"id": 3, "objectData": {}}, {"id": 3, "objectData": {}}, {"id": 3, "objectData": {}}, {"id": 0, "objectData": {}}, {"id": 0, "objectData": {}}, {"id": 0, "objectData": {}}], [{"id": 0, "objectData": {}}, {"id": 3, "objectData": {}}, {"id": 3, "objectData": {}}, {"id": 3, "objectData": {}}, {"id": 3, "objectData": {}}, {"id": 3, "objectData": {}}, {"id": 3, "objectData": {}}, {"id": 3, "objectData": {}}, {"id": 0, "objectData": {}}, {"id": 3, "objectData": {}}, {"id": 3, "objectData": {}}, {"id": 3, "objectData": {}}, {"id": 3, "objectData": {}}, {"id": 3, "objectData": {}}, {"id": 4, "objectData": {}}, {"id": 3, "objectData": {}}, {"id": 3, "objectData": {}}, {"id": 3, "objectData": {}}, {"id": 3, "objectData": {}}, {"id": 3, "objectData": {}}, {"id": 3, "objectData": {}}, {"id": 3, "objectData": {}}, {"id": 3, "objectData": {}}, {"id": 0, "objectData": {}}, {"id": 0, "objectData": {}}], [{"id": 0, "objectData": {}}, {"id": 0, "objectData": {}}, {"id": 0, "objectData": {}}, {"id": 0, "objectData": {}}, {"id": 0, "objectData": {}}, {"id": 0, "objectData": {}}, {"id": 0, "objectData": {}}, {"id": 0, "objectData": {}}, {"id": 0, "objectData": {}}, {"id": 0, "objectData": {}}, {"id": 0, "objectData": {}}, {"id": 0, "objectData": {}}, {"id": 0, "objectData": {}}, {"id": 0, "objectData": {}}, {"id": 0, "objectData": {}}, {"id": 0, "objectData": {}}, {"id": 0, "objectData": {}}, {"id": 0, "objectData": {}}, {"id": 0, "objectData": {}}, {"id": 0, "objectData": {}}, {"id": 0, "objectData": {}}, {"id": 0, "objectData": {}}, {"id": 0, "objectData": {}}, {"id": 0, "objectData": {}}, {"id": 0, "objectData": {}}]]}